"id","popular_match","name","region","group_title","tvg_id","stream_url","last_status","score"
"storage_wars_by_a_e_us","A&E","Storage Wars by A&E","US","XUMO🇺🇸: Reality TV","XUMO_99951475","https://dbrb49pjoymg4.cloudfront.net/10001/99951475/hls/playlist.m3u8?ads.xumo_channelId=99951475&ads.xumo_streamId=99951475&ads.channelId=99951475&ads.channelName=AEStorageWars_us&ads.caid=AEStorageWars&ads.csid=xumo_[PLATFORM]_AEStorageWars_ssai&ads._fw_coppa=0&ads.xumo_contentId=4321&ads.xumo_contentName=AEStorageWars&ads.xumo_providerId=4321&ads.xumo_providerName=AEStorageWars&ads._fw_ifa_type=[IFA_TYPE]&ads._fw_did=[IFA]&ads.amznappId=[AMZN_APP_ID]&ads.lat=[LAT]&ads.lon=[LON]&ads.os=[OS]&ads.osv=[OS_VERSION]&ads._fw_is_lat=[IS_LAT]&ads._fw_us_privacy=[CCPA_Value]&ads.genre=Reality,Drama,GD,Entertainment,GV,Reality-TV,Reality+Shows&ads._fw_content_category=[IAB_content_category]&ads._fw_content_language=[content_language]&ads._fw_content_genre=Reality,Drama,GD,Entertainment,GV,Reality-TV,Reality+Shows&ads._fw_content_rating=[content_rating]&ads._fw_deviceMake=[device_make]&ads._fw_device_model=[device_model]&ads.xumo_platform=[PLATFORM]&ads.site_id=[publica_site_id]&ads.appVersion=[APP_VERSION]&ads._fw_app_bundle=[app_bundle]&ads._fw_app_store_url=[app_store_url]&ads.appName=XumoPlay","200","6"
"the_first_48_by_a_e_us","A&E","The First 48 by A&E","US","News","XUMO_99951490","https://dbrb49pjoymg4.cloudfront.net/10001/99951490/hls/playlist.m3u8?ads.xumo_channelId=99951490&ads.xumo_streamId=99951490&ads.channelId=99951490&ads.channelName=AETheFirst48_us&ads.caid=AETheFirst48&ads.csid=xumo_[PLATFORM]_AETheFirst48_ssai&ads._fw_coppa=0&ads.xumo_contentId=4330&ads.xumo_contentName=AETheFirst48&ads.xumo_providerId=4330&ads.xumo_providerName=AETheFirst48&ads._fw_ifa_type=[IFA_TYPE]&ads._fw_did=[IFA]&ads.amznappId=[AMZN_APP_ID]&ads.lat=[LAT]&ads.lon=[LON]&ads.os=[OS]&ads.osv=[OS_VERSION]&ads._fw_is_lat=[IS_LAT]&ads._fw_us_privacy=[CCPA_Value]&ads.genre=Documentary,Crime,DO,Entertainment,GV,SM&ads._fw_content_category=[IAB_content_category]&ads._fw_content_language=[content_language]&ads._fw_content_genre=Documentary,Crime,DO,Entertainment,GV,SM&ads._fw_content_rating=[content_rating]&ads._fw_deviceMake=[device_make]&ads._fw_device_model=[device_model]&ads.xumo_platform=[PLATFORM]&ads.site_id=[publica_site_id]&ads.appVersion=[APP_VERSION]&ads._fw_app_bundle=[app_bundle]&ads._fw_app_store_url=[app_store_url]&ads.appName=XumoPlay","200","14"
"abc_wplg_dt1_miami_fl_720p_us","ABC","ABC (WPLG-DT1) Miami FL (720p)","US","News","WPLG101.us@HD","https://pubads.g.doubleclick.net/ssai/event/tQD6w9OJQVOobcyV3Dammw/master.m3u8","200","-12"
"abc_10_news_us_geo_us","ABC","ABC 10 News (US) Geo","US","General","","https://amg01438-ewscripps-amg01438c6-lg-us-4346.playouts.now.amagi.tv/playlist.m3u8","206","8"
"abc_13_us_geo_us","ABC","ABC 13 (US) Geo","US","General","","https://amg01438-ewscripps-amg01438c18-lg-us-4335.playouts.now.amagi.tv/playlist.m3u8","206","13"
"abc_2_baltimore_md_wmar_720p_us","ABC","ABC 2 Baltimore MD (WMAR) (720p)","US","News","WMARTV21.us@HD","https://aegis-cloudfront-1.tubi.video/c28d1ca8-9467-4798-81dc-09c1d6e90be1/playlist.m3u8","206","-4"
"abc_27_tallahassee_fl_wtxl_720p_us","ABC","ABC 27 Tallahassee FL (WTXL) (720p)","US","News","WTXLTV271.us@HD","https://aegis-cloudfront-1.tubi.video/e739361e-fa12-4cac-92f3-e0dbf332cd88/playlist.m3u8","206","-7"
"abc_9_manchester_nh_wmur_tv_720p_us","ABC","ABC 9 Manchester NH (WMUR-TV) (720p)","US","News;Weather","WMURTV91.us@HD","https://aegis-cloudfront-1.tubi.video/b77ffe96-c5d1-43a7-8687-306ff244d725/playlist.m3u8","206","-8"
"abc_9_orlando_fl_wftv_720p_us","ABC","ABC 9 Orlando FL (WFTV) (720p)","US","News","WFTV91.us@HD","https://amg00327-coxmediagroup-wftvbreaking-ono-hec7b.amagi.tv/playlist/amg00327-coxmediagroup-wftvbreaking-ono/playlist.m3u8","200","-12"
"abc_news_live_1_720p_us","ABC","ABC News Live 1 (720p)","US","News","ABCNewsLive1.us@SD","https://abcnews-streams.akamaized.net/hls/live/2023560/abcnewshudson1/master_4000.m3u8","200","-4"
"abc_news_live_10_720p_us","ABC","ABC News Live 10 (720p)","US","News","ABCNewsLive10.us@SD","https://abcnews-streams.akamaized.net/hls/live/2023569/abcnewshudson10/master_4000.m3u8","200","-5"
"abc_news_live_2_720p_us","ABC","ABC News Live 2 (720p)","US","News","ABCNewsLive2.us@SD","https://abcnews-streams.akamaized.net/hls/live/2023561/abcnewshudson2/master_4000.m3u8","200","-4"
"abc_news_live_3_720p_us","ABC","ABC News Live 3 (720p)","US","News","ABCNewsLive3.us@SD","https://abcnews-streams.akamaized.net/hls/live/2023562/abcnewshudson3/master_4000.m3u8","200","-4"
"abc_news_live_4_720p_us","ABC","ABC News Live 4 (720p)","US","News","ABCNewsLive4.us@SD","https://abcnews-streams.akamaized.net/hls/live/2023563/abcnewshudson4/master_4000.m3u8","200","-4"
"abc_news_live_5_720p_us","ABC","ABC News Live 5 (720p)","US","News","ABCNewsLive5.us@SD","https://abcnews-streams.akamaized.net/hls/live/2023564/abcnewshudson5/master_4000.m3u8","200","-4"
"abc_news_live_6_720p_us","ABC","ABC News Live 6 (720p)","US","News","ABCNewsLive6.us@SD","https://abcnews-streams.akamaized.net/hls/live/2023565/abcnewshudson6/master_4000.m3u8","200","-4"
"abc_news_live_7_720p_us","ABC","ABC News Live 7 (720p)","US","News","ABCNewsLive7.us@SD","https://abcnews-streams.akamaized.net/hls/live/2023566/abcnewshudson7/master_4000.m3u8","200","-4"
"abc_news_live_8_720p_us","ABC","ABC News Live 8 (720p)","US","News","ABCNewsLive8.us@SD","https://abcnews-streams.akamaized.net/hls/live/2023567/abcnewshudson8/master_4000.m3u8","200","-4"
"abc_news_live_9_720p_us","ABC","ABC News Live 9 (720p)","US","News","ABCNewsLive9.us@SD","https://abcnews-streams.akamaized.net/hls/live/2023568/abcnewshudson9/master_4000.m3u8","200","-4"
"accuweather_geo_us","AccuWeather","Accuweather Geo","US","General","","https://cdn-uw2-prod.tsv2.amagi.tv/linear/accuweath-accuweather-lg/playlist.m3u8","206","28"
"accuweather_now_us","AccuWeather","AccuWeather NOW","US","News","XUMO_99991649","https://dbrb49pjoymg4.cloudfront.net/10001/99991649/hls/playlist.m3u8?ads.xumo_channelId=99991649&ads._fw_ifa_type=[IFA_TYPE]&ads._fw_did=[IFA]&ads.amznappId=[AMZN_APP_ID]&ads.lat=[LAT]&ads.lon=[LON]&ads.os=[OS]&ads.osv=[OS_VERSION]&ads.asnw=&ads.caid=AccuWeather&ads.csid=xumo_[PLATFORM]_AccuWeather_ssai&ads._fw_is_lat=[IS_LAT]&ads._fw_us_privacy=[CCPA_Value]&ads._fw_coppa=0&ads.genre=News,N,DN,Weather,Local,LocalNews,News-Local&ads._fw_content_category=[IAB_content_category]&ads._fw_content_language=[content_language]&ads._fw_content_genre=News,N,DN,Weather,Local,LocalNews,News-Local&ads._fw_content_rating=[content_rating]&ads.xumo_contentId=2729&ads.xumo_contentName=AccuWeather&ads.xumo_providerId=2729&ads.xumo_providerName=AccuWeather&ads._fw_deviceMake=[device_make]&ads._fw_device_model=[device_model]&ads.channelId=99991649&ads.xumo_platform=[PLATFORM]&ads.site_id=[publica_site_id]&ads.appName=xumo&ads.appVersion=[APP_VERSION]&ads._fw_app_bundle=[app_bundle]&ads._fw_app_store_url=[app_store_url]","200","18"
"accuweather_now_us_2","AccuWeather","AccuWeather NOW","US","Weather","AccuWeatherNOW.us","https://cdn-ue1-prod.tsv2.amagi.tv/linear/amg00684-accuweather-accuweather-plex/playlist.m3u8","200","18"
"amc_all_reality_us_us","AMC","AMC All Reality (US)","US","General","","https://amc-absolutereality-1-us.lg.wurl.tv/playlist.m3u8","206","8"
"amc_espanol_us_us","AMC","AMC Espanol (US)","US","General","","https://amc-amcespanol-1-us.lg.wurl.tv/playlist.m3u8","206","12"
"amc_stories_us_us","AMC","AMC Stories (US)","US","General","","https://amc-amcpresents-1-us.lg.wurl.tv/playlist.m3u8","206","12"
"amc_thrillers_us","AMC","AMC Thrillers","US","General","XUMO_99951377","https://d3pxo1qcgzxtxs.cloudfront.net/10005/99951377/hls/playlist.m3u8?ads.xumo_channelId=99951377&ads.channelId=99951377&ads.csid=xumo_[PLATFORM]_AMCAMCThrillers_ssai&ads._fw_is_lat=[IS_LAT]&ads._fw_us_privacy=[CCPA_Value]&ads._fw_coppa=0&ads._fw_did=[IFA_TYPE]:[IFA]&ads._fw_content_category=[IAB_content_category]&ads._fw_content_language=[content_language]&ads._fw_content_genre=[content_genre]&ads._fw_content_rating=[content_rating]&ads.xumo_contentId=4174&ads.xumo_contentName=AMCAMCThrillers&ads.xumo_providerId=4174&ads.xumo_providerName=AMCAMCThrillers&ads._fw_deviceMake=[device_make]&ads._fw_device_model=[device_model]&ads._fw_deviceType=3-Connected_TV&ads.xumo_platform=[PLATFORM]&ads.appVersion=[APP_VERSION]&ads._fw_app_bundle=[app_bundle]&ads._fw_app_store_url=[app_store_url]","200","20"
"stories_by_amc_us","AMC","Stories by AMC","US","General","XUMO_99991622","https://d3pxo1qcgzxtxs.cloudfront.net/10005/99991622/hls/playlist.m3u8?ads.xumo_channelId=99991622&ads.channelId=99991622&ads.csid=xumo_[PLATFORM]_storiesbyamc_ssai&ads._fw_is_lat=[IS_LAT]&ads._fw_us_privacy=[CCPA_Value]&ads._fw_coppa=0&ads._fw_ifa_type=[IFA_TYPE]&ads._fw_did=[IFA]&ads._fw_content_category=[IAB_content_category]&ads._fw_content_language=[content_language]&ads._fw_content_genre=Action,Drama,GD,GV,Entertainment&ads._fw_content_rating=[content_rating]&ads.xumo_contentId=2656&ads.xumo_contentName=storiesbyamc&ads.xumo_providerId=2656&ads.xumo_providerName=storiesbyamc&ads._fw_deviceMake=[device_make]&ads._fw_device_model=[device_model]&ads._fw_deviceType=3-Connected_TV&ads.xumo_platform=[PLATFORM]&ads.appVersion=[APP_VERSION]&ads._fw_app_bundle=[app_bundle]&ads._fw_app_store_url=[app_store_url]","200","19"
"bein_sports_xtra_en_espa_ol_us","beIN Sports XTRA","beIN SPORTS XTRA en Español","US","XUMO🇺🇸: Latino","XUMO_99991785","https://dbrb49pjoymg4.cloudfront.net/10001/99991785/hls/playlist.m3u8?ads.xumo_channelId=99991785&ads._fw_ifa_type=[IFA_TYPE]&ads._fw_did=[IFA]&ads.amznappId=[AMZN_APP_ID]&ads.lat=[LAT]&ads.lon=[LON]&ads.os=[OS]&ads.osv=[OS_VERSION]&ads.asnw=&ads.caid=BeInSportsESP&ads.csid=xumo_[PLATFORM]_BeInSportsESP_ssai&ads._fw_is_lat=[IS_LAT]&ads._fw_us_privacy=[CCPA_Value]&ads._fw_coppa=0&ads.genre=[CONTENT_IMDB_GENRE]&ads._fw_content_category=[IAB_content_category]&ads._fw_content_language=es&ads._fw_content_genre=[content_genre]&ads._fw_content_rating=[content_rating]&ads.xumo_contentId=2642&ads.xumo_contentName=BeInSportsESP&ads.xumo_providerId=2642&ads.xumo_providerName=BeInSportsESP&ads._fw_deviceMake=[device_make]&ads._fw_device_model=[device_model]&ads.channelId=99991785&ads.xumo_platform=[PLATFORM]&ads.site_id=[publica_site_id]&ads.appName=xumo&ads.appVersion=[APP_VERSION]&ads._fw_app_bundle=[app_bundle]&ads._fw_app_store_url=[app_store_url]","200","-2"
"bet_classics_us","BET","BET Classics","US","Entertainment","BETClassicsPlutoTV.us@France","https://jmp2.uk/plu-60f85644a9493e0007a1f035.m3u8","200","21"
"bet_pluto_tv_us_3","BET","BET Pluto TV","US","Entertainment","BETPlutoTV.us@US","https://jmp2.uk/plu-5ca670f6593a5d78f0e85aed.m3u8","200","21"
"bet_pluto_tv_us","BET","BET Pluto TV","US","Entertainment","BETPlutoTV.us@Brazil","https://jmp2.uk/plu-5ff768b6a4c8b80008498610.m3u8","200","21"
"bloomberg_tv_us_2","Bloomberg TV","Bloomberg TV+","US","Business","BloombergTVPlus.us","https://bloomberg.com/media-manifest/streams/phoenix-us.m3u8","206","22"
"bounce_xl_1080p_us","Bounce","Bounce XL (1080p)","US","Entertainment","BounceXL.us@SD","https://cdn-uw2-prod.tsv2.amagi.tv/linear/amg01438-ewscrippscompan-bouncexl-tablo/playlist.m3u8","200","1"
"cbs_sports_hq_us","CBS","CBS Sports HQ","US","General","XUMO_99991645","https://dai.google.com/linear/hls/event/9Lq0ERvoSR-z9AwvFS-xYA/master.m3u8?imafw_csid=[CBSSPORTS_CSID];imafw__fw_h_referer=com.xumo.app&imafw__fw_did=dpid:[deviceID]&imafw__fw_is_lat=[LIMITED_AD_TRACKING]&imafw__fw_vcid2=[PPID]&imafw__fw_app_bundle=[app_bundle]&imafw_is_lat=[LIMITED_AD_TRACKING]","200","20"
"cbs_news_24_7_us","CBS News","CBS News 24/7","US","News","XUMO_99991158","https://dai.google.com/linear/hls/event/Sid4xiTQTkCT1SLu6rjUSQ/master.m3u8?imafw_csid=vcbs_xumo_ctv_allos_live_cbsnews;imafw__fw_h_referer=com.xumo.app&imafw__fw_did=dpid:[deviceID]&imafw__fw_is_lat=[LIMITED_AD_TRACKING]&imafw__fw_vcid2=[PPID]&imafw__fw_app_bundle=[app_bundle]&imafw_is_lat=[LIMITED_AD_TRACKING]","200","20"
"cbs_news_24_7_720p_us","CBS News","CBS News 24/7 (720p)","US","News","CBSNews247.us@SD","https://jmp2.uk/plu-6350fdd266e9ea0007bedec5.m3u8","200","-2"
"cbs_news_baltimore_720p_us","CBS News","CBS News Baltimore (720p)","US","News","CBSNewsBaltimore.us@SD","https://lineup.cbsivideo.com/playout/8877a7d5-b094-4ac8-bc72-75a5fed68e5b/index.m3u8","206","3"
"cbs_news_bay_area_us","CBS News","CBS News Bay Area","US","XUMO🇺🇸: Local News","XUMO_99991655","https://dai.google.com/linear/hls/event/laLJwH1nS2KQAUQTF8z1Cg/master.m3u8?imafw_csid=[CBSN_CSID];imafw__fw_h_referer=com.xumo.app&imafw__fw_did=dpid:[deviceID]&imafw__fw_is_lat=[LIMITED_AD_TRACKING]&imafw__fw_vcid2=[PPID]&imafw__fw_app_bundle=[app_bundle]&imafw_is_lat=[LIMITED_AD_TRACKING]","200","16"
"cbs_news_bay_area_720p_us","CBS News","CBS News Bay Area (720p)","US","News","CBSNewsBayArea.us@SD","https://cbsn-sf.cbsnstream.cbsnews.com/out/v1/dac63c1abb3f4a2dac9f508f44bb072a/master.m3u8","200","-6"
"cbs_news_boston_us","CBS News","CBS News Boston","US","XUMO🇺🇸: Local News","XUMO_99991656","https://dai.google.com/linear/hls/event/dHA193vxQ_WqZNVoC-W5MA/master.m3u8?imafw_csid=[CBSN_CSID];imafw__fw_h_referer=com.xumo.app&imafw__fw_did=dpid:[deviceID]&imafw__fw_is_lat=[LIMITED_AD_TRACKING]&imafw__fw_vcid2=[PPID]&imafw__fw_app_bundle=[app_bundle]&imafw_is_lat=[LIMITED_AD_TRACKING]","200","18"
"cbs_news_boston_720p_us","CBS News","CBS News Boston (720p)","US","News","CBSNewsBoston.us@SD","https://cbsn-bos.cbsnstream.cbsnews.com/out/v1/589d66ec6eb8434c96c28de0370d1326/master.m3u8","200","-4"
"cbs_news_chicago_720p_us","CBS News","CBS News Chicago (720p)","US","News","CBSNewsChicago.us@SD","https://cbsn-chi.cbsnstream.cbsnews.com/out/v1/b2fc0d5715d54908adf07f97d2616646/master.m3u8","200","-5"
"cbs_news_colorado_720p_us","CBS News","CBS News Colorado (720p)","US","News","CBSNewsColorado.us@SD","https://cbsn-den.cbsnstream.cbsnews.com/out/v1/2e49baf2906244ecb01b07d9885fbe7a/master.m3u8","200","-6"
"cbs_news_detroit_720p_us","CBS News","CBS News Detroit (720p)","US","News","CBSNewsDetroit.us@SD","https://cbsn-det.cbsnstream.cbsnews.com/out/v1/169f5c001bc74fa7a179b19c20fea069/master.m3u8","200","-5"
"cbs_news_los_angeles_us","CBS News","CBS News Los Angeles","US","XUMO🇺🇸: Local News","XUMO_99991642","https://dai.google.com/linear/hls/event/K_2aA7OVRTacJJli1oSi8w/master.m3u8?imafw_csid=[CBSN_CSID];imafw__fw_h_referer=com.xumo.app&imafw__fw_did=dpid:[deviceID]&imafw__fw_is_lat=[LIMITED_AD_TRACKING]&imafw__fw_vcid2=[PPID]&imafw__fw_app_bundle=[app_bundle]&imafw_is_lat=[LIMITED_AD_TRACKING]","200","13"
"cbs_news_los_angeles_720p_us","CBS News","CBS News Los Angeles (720p)","US","News","CBSNewsLosAngeles.us@SD","https://cbsn-la.cbsnstream.cbsnews.com/out/v1/57b6c4534a164accb6b1872b501e0028/master.m3u8","200","-9"
"cbs_news_miami_720p_us","CBS News","CBS News Miami (720p)","US","News","CBSNewsMiami.us@SD","https://cbsn-mia.cbsnstream.cbsnews.com/out/v1/ac174b7938264d24ae27e56f6584bca0/master.m3u8","206","7"
"cbs_news_minnesota_720p_us","CBS News","CBS News Minnesota (720p)","US","News","CBSNewsMinnesota.us@SD","https://cbsn-min.cbsnstream.cbsnews.com/out/v1/76518f06941246ba810c8d175600bf74/master.m3u8","200","-7"
"cbs_news_new_york_us","CBS News","CBS News New York","US","XUMO🇺🇸: Local News","XUMO_99991641","https://dai.google.com/linear/hls/event/jeTDC610T-OSPdiWhcl0Pg/master.m3u8?imafw_csid=[CBSN_CSID];imafw__fw_h_referer=com.xumo.app&imafw__fw_did=dpid:[deviceID]&imafw__fw_is_lat=[LIMITED_AD_TRACKING]&imafw__fw_vcid2=[PPID]&imafw__fw_app_bundle=[app_bundle]&imafw_is_lat=[LIMITED_AD_TRACKING]","200","16"
"cbs_news_new_york_720p_us","CBS News","CBS News New York (720p)","US","News","CBSNewsNewYork.us@SD","https://cbsn-ny.cbsnstream.cbsnews.com/out/v1/ec3897d58a9b45129a77d67aa247d136/master.m3u8","206","4"
"cbs_news_philadelphia_720p_us","CBS News","CBS News Philadelphia (720p)","US","News","CBSNewsPhilly.us@SD","https://cbsn-phi.cbsnstream.cbsnews.com/out/v1/5c9ad3e215984b0e9ad845b335216b72/master.m3u8","200","-10"
"cbs_news_pittsburgh_720p_us","CBS News","CBS News Pittsburgh (720p)","US","News","CBSNewsPittsburgh.us@SD","https://cbsn-pit.cbsnstream.cbsnews.com/out/v1/6966dabf8150405ab26f854e3cd6a2b8/master.m3u8","200","-8"
"cbs_news_sacramento_720p_us","CBS News","CBS News Sacramento (720p)","US","News","CBSNewsSacramento.us@SD","https://lineup.cbsivideo.com/playout/c1ed69db-6b71-4581-a937-a70ab4089f8a/index.m3u8","206","2"
"cheddar_news_1080p_us","Cheddar","Cheddar News (1080p)","US","News","CheddarNews.us@SD","https://wurlcheddar.global.transmit.live/hls/689ceac9301c34d3919676f3/v1/Cheddar/samsung_us/latest/main/hls/playlist.m3u8","200","-2"
"cnbc_es_geo_us","CNBC","CNBC (ES) Geo","US","General","","https://amg01079-nbcuuk-amg01079c1-lg-es-2034.playouts.now.amagi.tv/playlist/amg01079-nbcuukfast-cnbcpe-lges/playlist.m3u8","200","5"
"cnbc_fr_geo_us","CNBC","CNBC (FR) Geo","US","General","","https://amg01079-nbcuuk-amg01079c1-lg-fr-2032.playouts.now.amagi.tv/playlist/amg01079-nbcuukfast-cnbcpe-lgfr/playlist.m3u8","200","5"
"cnbc_it_geo_us","CNBC","CNBC (IT) Geo","US","General","","https://amg01079-nbcuuk-amg01079c1-lg-it-2033.playouts.now.amagi.tv/playlist/amg01079-nbcuukfast-cnbcpe-lgit/playlist.m3u8","200","5"
"cnbc_pt_geo_us","CNBC","CNBC (PT) Geo","US","General","","https://amg01079-nbcuuk-amg01079c1-lg-pt-2035.playouts.now.amagi.tv/playlist/amg01079-nbcuukfast-cnbcpe-lgpt/playlist.m3u8","200","5"
"cnbc_awaaz_in_geo_us","CNBC","CNBC Awaaz (IN) Geo","US","General","","https://amg00866-amg00866c2-lg-in-3525.playouts.now.amagi.tv/playlist.m3u8","206","9"
"cnbc_tv_18_in_geo_us","CNBC","CNBC TV 18 (IN) Geo","US","General","","https://amg00866-amg00866c9-lg-in-4409.playouts.now.amagi.tv/playlist.m3u8","206","9"
"court_tv_us","Court TV","Court TV","US","News","CourtTV.us@SD","https://cdn-uw2-prod.tsv2.amagi.tv/linear/amg01438-ewscrippscompan-courttv-tablo/playlist.m3u8","200","1025"
"court_tv_legendary_trials_us","Court TV","Court TV Legendary Trials","US","News","XUMO_99951233","https://dbrb49pjoymg4.cloudfront.net/10001/99951233/hls/playlist.m3u8?ads.xumo_channelId=99951233&ads._fw_ifa_type=[IFA_TYPE]&ads._fw_did=[IFA]&ads.amznappId=[AMZN_APP_ID]&ads.lat=[LAT]&ads.lon=[LON]&ads.os=[OS]&ads.osv=[OS_VERSION]&ads.asnw=&ads.caid=ScrippsCourtTVLegendaryTrials&ads.csid=xumo_[PLATFORM]_ScrippsCourtTVLegendaryTrials_ssai&ads._fw_is_lat=[IS_LAT]&ads._fw_us_privacy=[CCPA_Value]&ads._fw_coppa=0&ads.genre=Documentary,Crime,DO,Entertainment,GV,SM&ads._fw_content_category=[IAB_content_category]&ads._fw_content_language=[content_language]&ads._fw_content_genre=Documentary,Crime,DO,Entertainment,GV,SM&ads._fw_content_rating=[content_rating]&ads.xumo_contentId=3924&ads.xumo_contentName=ScrippsCourtTVLegendaryTrials&ads.xumo_providerId=3924&ads.xumo_providerName=ScrippsCourtTVLegendaryTrials&ads._fw_deviceMake=[device_make]&ads._fw_device_model=[device_model]&ads.channelId=99951233&ads.xumo_platform=[PLATFORM]&ads.site_id=[publica_site_id]&ads.appName=xumo&ads.appVersion=[APP_VERSION]&ads._fw_app_bundle=[app_bundle]&ads._fw_app_store_url=[app_store_url]","200","8"
"divorce_court_us","Court TV","Divorce Court","US","XUMO🇺🇸: Daytime TV","XUMO_99991346","https://dbrb49pjoymg4.cloudfront.net/10001/99991346/hls/master.m3u8?ads.xumo_channelId=99991346&ads._fw_ifa_type=[IFA_TYPE]&ads._fw_did=[IFA]&ads.amznappId=[AMZN_APP_ID]&ads.lat=[LAT]&ads.lon=[LON]&ads.os=[OS]&ads.osv=[OS_VERSION]&ads.asnw=&ads.caid=DivorceCourt&ads.csid=xumo_[PLATFORM]_DivorceCourt_ssai&ads._fw_is_lat=0&ads._fw_us_privacy=[CCPA_Value]&ads._fw_coppa=0&ads.genre=[CONTENT_IMDB_GENRE]&ads._fw_content_category=[IAB_content_category]&ads._fw_content_language=[content_language]&ads._fw_content_genre=[content_genre]&ads._fw_content_rating=[content_rating]&ads.xumo_contentId=281&ads.xumo_contentName=DivorceCourt&ads.xumo_providerId=281&ads.xumo_providerName=DivorceCourt&ads._fw_deviceMake=[device_make]&ads._fw_device_model=[device_model]&ads.channelId=99991346&ads.xumo_platform=[PLATFORM]&ads.site_id=[publica_site_id]&ads.appName=xumo&ads.appVersion=[APP_VERSION]&ads._fw_app_bundle=[app_bundle]&ads._fw_app_store_url=[app_store_url]","200","12"
"cine_estrella_us_us","Estrella TV","Cine Estrella (US)","US","General","","https://cdn-uw2-prod.tsv2.amagi.tv/linear/amg00567-estrellamedia-cineestrella-lgus/playlist.m3u8","200","0"
"estrella_games_1080p_us","Estrella TV","Estrella Games (1080p)","US","Entertainment;Family","EstrellaGames.us@SD","https://estrella-games-oando.amagi.tv/playlist.m3u8","206","6"
"estrella_news_us","Estrella TV","Estrella News","US","XUMO🇺🇸: Latino","XUMO_99991776","https://dbrb49pjoymg4.cloudfront.net/10001/99991776/hls/playlist.m3u8?ads.xumo_channelId=99991776&ads._fw_ifa_type=[IFA_TYPE]&ads._fw_did=[IFA]&ads.amznappId=[AMZN_APP_ID]&ads.lat=[LAT]&ads.lon=[LON]&ads.os=[OS]&ads.osv=[OS_VERSION]&ads.asnw=&ads.caid=EstrellaNews&ads.csid=xumo_[PLATFORM]_EstrellaNews_ssai&ads._fw_is_lat=[IS_LAT]&ads._fw_us_privacy=[CCPA_Value]&ads._fw_coppa=0&ads.genre=[CONTENT_IMDB_GENRE]&ads._fw_content_category=[IAB_content_category]&ads._fw_content_language=es&ads._fw_content_genre=[content_genre]&ads._fw_content_rating=[content_rating]&ads.xumo_contentId=2641&ads.xumo_contentName=EstrellaNews&ads.xumo_providerId=2641&ads.xumo_providerName=EstrellaNews&ads._fw_deviceMake=[device_make]&ads._fw_device_model=[device_model]&ads.channelId=99991776&ads.xumo_platform=[PLATFORM]&ads.site_id=[publica_site_id]&ads.appName=xumo&ads.appVersion=[APP_VERSION]&ads._fw_app_bundle=[app_bundle]&ads._fw_app_store_url=[app_store_url]","200","12"
"estrella_news_1080p_us","Estrella TV","Estrella News (1080p)","US","News","EstrellaNews.us@SD","https://estrella-news-oando.amagi.tv/playlist.m3u8","206","7"
"estrella_news_us_us","Estrella TV","Estrella News (US)","US","General","","https://cdn-uw2-prod.tsv2.amagi.tv/linear/amg00567-estrellamedia-estrellanews-lgus/playlist.m3u8","200","0"
"estrella_tv_1080p_us","Estrella TV","Estrella TV (1080p)","US","Entertainment","EstrellaTV.us@SD","https://estrellatv-oando.amagi.tv/playlist.m3u8","206","9"
"bbc_food_us_2","Food Network","BBC Food","US","XUMO🇺🇸: Food","XUMO_99951177","https://dbrb49pjoymg4.cloudfront.net/10001/99951177/hls/playlist.m3u8?ads.xumo_channelId=99951177&ads._fw_ifa_type=[IFA_TYPE]&ads._fw_did=[IFA]&ads.amznappId=[AMZN_APP_ID]&ads.lat=[LAT]&ads.lon=[LON]&ads.os=[OS]&ads.osv=[OS_VERSION]&ads.asnw=&ads.caid=BBCFood&ads.csid=xumo_[PLATFORM]_BBCFood_ssai&ads._fw_is_lat=[IS_LAT]&ads._fw_us_privacy=[CCPA_Value]&ads._fw_coppa=0&ads.genre=[CONTENT_IMDB_GENRE]&ads._fw_content_category=[IAB_content_category]&ads._fw_content_language=[content_language]&ads._fw_content_genre=[content_genre]&ads._fw_content_rating=[content_rating]&ads.xumo_contentId=3824&ads.xumo_contentName=BBCFood&ads.xumo_providerId=3824&ads.xumo_providerName=BBCFood&ads._fw_deviceMake=[device_make]&ads._fw_device_model=[device_model]&ads.channelId=99951177&ads.xumo_platform=[PLATFORM]&ads.site_id=[publica_site_id]&ads.appName=xumo&ads.appVersion=[APP_VERSION]&ads._fw_app_bundle=[app_bundle]&ads._fw_app_store_url=[app_store_url]","200","17"
"new_k_food_us_us","Food Network","New K Food (US)","US","General","","https://newidco-newkfood-1-us.lg.wurl.tv/playlist.m3u8","206","13"
"xumo_free_food_tv_us","Food Network","Xumo Free Food TV","US","XUMO🇺🇸: Food","XUMO_9995117","https://dbrb49pjoymg4.cloudfront.net/10001/9995117/hls/master.m3u8?ads.xumo_channelId=9995117&ads._fw_ifa_type=[IFA_TYPE]&ads._fw_did=[IFA]&ads.amznappId=[AMZN_APP_ID]&ads.lat=[LAT]&ads.lon=[LON]&ads.os=[OS]&ads.osv=[OS_VERSION]&ads.asnw=&ads.caid=XumoFreeFoodTV&ads.csid=xumo_[PLATFORM]_xumofreefoodtv_ssai&ads._fw_is_lat=0&ads._fw_us_privacy=[CCPA_Value]&ads._fw_coppa=0&ads.genre=[CONTENT_IMDB_GENRE]&ads._fw_content_category=[IAB_content_category]&ads._fw_content_language=[content_language]&ads._fw_content_genre=[content_genre]&ads._fw_content_rating=[content_rating]&ads.xumo_contentId=5&ads.xumo_contentName=XumoFreeFoodTV&ads.xumo_providerId=5&ads.xumo_providerName=XumoFreeFoodTV&ads._fw_deviceMake=[device_make]&ads._fw_device_model=[device_model]&ads.channelId=9995117&ads.xumo_platform=[PLATFORM]&ads.site_id=[publica_site_id]&ads.appName=xumo&ads.appVersion=[APP_VERSION]&ads._fw_app_bundle=[app_bundle]&ads._fw_app_store_url=[app_store_url]","200","8"
"fox_13_us_geo_us","FOX","Fox 13 (US) Geo","US","General","","https://amg01438-ewscripps-amg01438c10-lg-us-4342.playouts.now.amagi.tv/playlist.m3u8","206","13"
"fox_17_us_geo_us","FOX","Fox 17 (US) Geo","US","General","","https://amg01438-ewscripps-amg01438c37-lg-us-4316.playouts.now.amagi.tv/playlist.m3u8","206","13"
"fox_local_atlanta_us","FOX","FOX LOCAL Atlanta","US","XUMO🇺🇸: Local News","XUMO_99951426","https://dbrb49pjoymg4.cloudfront.net/10001/99951426/hls/playlist.m3u8?ads.xumo_channelId=99951426&ads._fw_ifa_type=[IFA_TYPE]&ads._fw_did=[IFA]&ads.amznappId=[AMZN_APP_ID]&ads.lat=[LAT]&ads.lon=[LON]&ads.os=[OS]&ads.osv=[OS_VERSION]&ads.asnw=&ads.caid=FoxAtlanta&ads.csid=xumo_[PLATFORM]_FoxAtlanta_ssai&ads._fw_is_lat=[IS_LAT]&ads._fw_us_privacy=[CCPA_Value]&ads._fw_coppa=0&ads.genre=News,N,DN,Weather,Local,LocalNews,News-Local&ads._fw_content_category=[IAB_content_category]&ads._fw_content_language=[content_language]&ads._fw_content_genre=News,N,DN,Weather,Local,LocalNews,News-Local&ads._fw_content_rating=[content_rating]&ads.xumo_contentId=4161&ads.xumo_contentName=FoxAtlanta&ads.xumo_providerId=4161&ads.xumo_providerName=FoxAtlanta&ads._fw_deviceMake=[device_make]&ads._fw_device_model=[device_model]&ads.channelId=99951426&ads.xumo_platform=[PLATFORM]&ads.site_id=[publica_site_id]&ads.appName=xumo&ads.appVersion=[APP_VERSION]&ads._fw_app_bundle=[app_bundle]&ads._fw_app_store_url=[app_store_url]","200","16"
"fox_local_chicago_us","FOX","FOX LOCAL Chicago","US","XUMO🇺🇸: Local News","XUMO_99951415","https://dbrb49pjoymg4.cloudfront.net/10001/99951415/hls/playlist.m3u8?ads.xumo_channelId=99951415&ads._fw_ifa_type=[IFA_TYPE]&ads._fw_did=[IFA]&ads.amznappId=[AMZN_APP_ID]&ads.lat=[LAT]&ads.lon=[LON]&ads.os=[OS]&ads.osv=[OS_VERSION]&ads.asnw=&ads.caid=FoxChicago&ads.csid=xumo_[PLATFORM]_FoxChicago_ssai&ads._fw_is_lat=[IS_LAT]&ads._fw_us_privacy=[CCPA_Value]&ads._fw_coppa=0&ads.genre=News,N,DN,Weather,Local,LocalNews,News-Local&ads._fw_content_category=[IAB_content_category]&ads._fw_content_language=[content_language]&ads._fw_content_genre=News,N,DN,Weather,Local,LocalNews,News-Local&ads._fw_content_rating=[content_rating]&ads.xumo_contentId=4149&ads.xumo_contentName=FoxChicago&ads.xumo_providerId=4149&ads.xumo_providerName=FoxChicago&ads._fw_deviceMake=[device_make]&ads._fw_device_model=[device_model]&ads.channelId=99951415&ads.xumo_platform=[PLATFORM]&ads.site_id=[publica_site_id]&ads.appName=xumo&ads.appVersion=[APP_VERSION]&ads._fw_app_bundle=[app_bundle]&ads._fw_app_store_url=[app_store_url]","200","16"
"fox_local_dallas_fort_worth_us","FOX","FOX LOCAL Dallas-Fort Worth","US","XUMO🇺🇸: Local News","XUMO_99951418","https://dbrb49pjoymg4.cloudfront.net/10001/99951418/hls/playlist.m3u8?ads.xumo_channelId=99951418&ads._fw_ifa_type=[IFA_TYPE]&ads._fw_did=[IFA]&ads.amznappId=[AMZN_APP_ID]&ads.lat=[LAT]&ads.lon=[LON]&ads.os=[OS]&ads.osv=[OS_VERSION]&ads.asnw=&ads.caid=FoxDallasFortWorth&ads.csid=xumo_[PLATFORM]_FoxDallasFortWorth_ssai&ads._fw_is_lat=[IS_LAT]&ads._fw_us_privacy=[CCPA_Value]&ads._fw_coppa=0&ads.genre=News,N,DN,Weather,Local,LocalNews,News-Local&ads._fw_content_category=[IAB_content_category]&ads._fw_content_language=[content_language]&ads._fw_content_genre=News,N,DN,Weather,Local,LocalNews,News-Local&ads._fw_content_rating=[content_rating]&ads.xumo_contentId=4152&ads.xumo_contentName=FoxDallasFortWorth&ads.xumo_providerId=4152&ads.xumo_providerName=FoxDallasFortWorth&ads._fw_deviceMake=[device_make]&ads._fw_device_model=[device_model]&ads.channelId=99951418&ads.xumo_platform=[PLATFORM]&ads.site_id=[publica_site_id]&ads.appName=xumo&ads.appVersion=[APP_VERSION]&ads._fw_app_bundle=[app_bundle]&ads._fw_app_store_url=[app_store_url]","200","6"
"fox_local_detroit_us","FOX","FOX LOCAL Detroit","US","XUMO🇺🇸: Local News","XUMO_99951421","https://dbrb49pjoymg4.cloudfront.net/10001/99951421/hls/playlist.m3u8?ads.xumo_channelId=99951421&ads._fw_ifa_type=[IFA_TYPE]&ads._fw_did=[IFA]&ads.amznappId=[AMZN_APP_ID]&ads.lat=[LAT]&ads.lon=[LON]&ads.os=[OS]&ads.osv=[OS_VERSION]&ads.asnw=&ads.caid=FoxDetroit&ads.csid=xumo_[PLATFORM]_FoxDetroit_ssai&ads._fw_is_lat=[IS_LAT]&ads._fw_us_privacy=[CCPA_Value]&ads._fw_coppa=0&ads.genre=News,N,DN,Weather,Local,LocalNews,News-Local&ads._fw_content_category=[IAB_content_category]&ads._fw_content_language=[content_language]&ads._fw_content_genre=News,N,DN,Weather,Local,LocalNews,News-Local&ads._fw_content_rating=[content_rating]&ads.xumo_contentId=4156&ads.xumo_contentName=FoxDetroit&ads.xumo_providerId=4156&ads.xumo_providerName=FoxDetroit&ads._fw_deviceMake=[device_make]&ads._fw_device_model=[device_model]&ads.channelId=99951421&ads.xumo_platform=[PLATFORM]&ads.site_id=[publica_site_id]&ads.appName=xumo&ads.appVersion=[APP_VERSION]&ads._fw_app_bundle=[app_bundle]&ads._fw_app_store_url=[app_store_url]","200","16"
"fox_local_houston_us","FOX","FOX LOCAL Houston","US","XUMO🇺🇸: Local News","XUMO_99951423","https://dbrb49pjoymg4.cloudfront.net/10001/99951423/hls/playlist.m3u8?ads.xumo_channelId=99951423&ads._fw_ifa_type=[IFA_TYPE]&ads._fw_did=[IFA]&ads.amznappId=[AMZN_APP_ID]&ads.lat=[LAT]&ads.lon=[LON]&ads.os=[OS]&ads.osv=[OS_VERSION]&ads.asnw=&ads.caid=FoxHouston&ads.csid=xumo_[PLATFORM]_FoxHouston_ssai&ads._fw_is_lat=[IS_LAT]&ads._fw_us_privacy=[CCPA_Value]&ads._fw_coppa=0&ads.genre=News,N,DN,Weather,Local,LocalNews,News-Local&ads._fw_content_category=[IAB_content_category]&ads._fw_content_language=[content_language]&ads._fw_content_genre=News,N,DN,Weather,Local,LocalNews,News-Local&ads._fw_content_rating=[content_rating]&ads.xumo_contentId=4158&ads.xumo_contentName=FoxHouston&ads.xumo_providerId=4158&ads.xumo_providerName=FoxHouston&ads._fw_deviceMake=[device_make]&ads._fw_device_model=[device_model]&ads.channelId=99951423&ads.xumo_platform=[PLATFORM]&ads.site_id=[publica_site_id]&ads.appName=xumo&ads.appVersion=[APP_VERSION]&ads._fw_app_bundle=[app_bundle]&ads._fw_app_store_url=[app_store_url]","200","16"
"fox_local_los_angeles_us","FOX","FOX LOCAL Los Angeles","US","XUMO🇺🇸: Local News","XUMO_99951420","https://dbrb49pjoymg4.cloudfront.net/10001/99951420/hls/playlist.m3u8?ads.xumo_channelId=99951420&ads._fw_ifa_type=[IFA_TYPE]&ads._fw_did=[IFA]&ads.amznappId=[AMZN_APP_ID]&ads.lat=[LAT]&ads.lon=[LON]&ads.os=[OS]&ads.osv=[OS_VERSION]&ads.asnw=&ads.caid=FoxLosAngeles&ads.csid=xumo_[PLATFORM]_FoxLosAngeles_ssai&ads._fw_is_lat=[IS_LAT]&ads._fw_us_privacy=[CCPA_Value]&ads._fw_coppa=0&ads.genre=[CONTENT_IMDB_GENRE]&ads._fw_content_category=[IAB_content_category]&ads._fw_content_language=[content_language]&ads._fw_content_genre=[content_genre]&ads._fw_content_rating=[content_rating]&ads.xumo_contentId=4155&ads.xumo_contentName=FoxLosAngeles&ads.xumo_providerId=4155&ads.xumo_providerName=FoxLosAngeles&ads._fw_deviceMake=[device_make]&ads._fw_device_model=[device_model]&ads.channelId=99951420&ads.xumo_platform=[PLATFORM]&ads.site_id=[publica_site_id]&ads.appName=xumo&ads.appVersion=[APP_VERSION]&ads._fw_app_bundle=[app_bundle]&ads._fw_app_store_url=[app_store_url]","200","12"
"fox_local_milwaukee_us","FOX","FOX LOCAL Milwaukee","US","XUMO🇺🇸: Local News","XUMO_99951429","https://dbrb49pjoymg4.cloudfront.net/10001/99951429/hls/playlist.m3u8?ads.xumo_channelId=99951429&ads._fw_ifa_type=[IFA_TYPE]&ads._fw_did=[IFA]&ads.amznappId=[AMZN_APP_ID]&ads.lat=[LAT]&ads.lon=[LON]&ads.os=[OS]&ads.osv=[OS_VERSION]&ads.asnw=&ads.caid=FoxMilwaukee&ads.csid=xumo_[PLATFORM]_FoxMilwaukee_ssai&ads._fw_is_lat=[IS_LAT]&ads._fw_us_privacy=[CCPA_Value]&ads._fw_coppa=0&ads.genre=[CONTENT_IMDB_GENRE]&ads._fw_content_category=[IAB_content_category]&ads._fw_content_language=[content_language]&ads._fw_content_genre=[content_genre]&ads._fw_content_rating=[content_rating]&ads.xumo_contentId=4164&ads.xumo_contentName=FoxMilwaukee&ads.xumo_providerId=4164&ads.xumo_providerName=FoxMilwaukee&ads._fw_deviceMake=[device_make]&ads._fw_device_model=[device_model]&ads.channelId=99951429&ads.xumo_platform=[PLATFORM]&ads.site_id=[publica_site_id]&ads.appName=xumo&ads.appVersion=[APP_VERSION]&ads._fw_app_bundle=[app_bundle]&ads._fw_app_store_url=[app_store_url]","200","14"
"fox_local_minneapolis_us","FOX","FOX LOCAL Minneapolis","US","XUMO🇺🇸: Local News","XUMO_99951431","https://dbrb49pjoymg4.cloudfront.net/10001/99951431/hls/playlist.m3u8?ads.xumo_channelId=99951431&ads._fw_ifa_type=[IFA_TYPE]&ads._fw_did=[IFA]&ads.amznappId=[AMZN_APP_ID]&ads.lat=[LAT]&ads.lon=[LON]&ads.os=[OS]&ads.osv=[OS_VERSION]&ads.asnw=&ads.caid=FoxMinneapolis&ads.csid=xumo_[PLATFORM]_FoxMinneapolis_ssai&ads._fw_is_lat=[IS_LAT]&ads._fw_us_privacy=[CCPA_Value]&ads._fw_coppa=0&ads.genre=News,N,DN,Weather,Local,LocalNews,News-Local&ads._fw_content_category=[IAB_content_category]&ads._fw_content_language=[content_language]&ads._fw_content_genre=News,N,DN,Weather,Local,LocalNews,News-Local&ads._fw_content_rating=[content_rating]&ads.xumo_contentId=4166&ads.xumo_contentName=FoxMinneapolis&ads.xumo_providerId=4166&ads.xumo_providerName=FoxMinneapolis&ads._fw_deviceMake=[device_make]&ads._fw_device_model=[device_model]&ads.channelId=99951431&ads.xumo_platform=[PLATFORM]&ads.site_id=[publica_site_id]&ads.appName=xumo&ads.appVersion=[APP_VERSION]&ads._fw_app_bundle=[app_bundle]&ads._fw_app_store_url=[app_store_url]","200","12"
"fox_local_new_york_us","FOX","FOX LOCAL New York","US","XUMO🇺🇸: Local News","XUMO_99951427","https://dbrb49pjoymg4.cloudfront.net/10001/99951427/hls/playlist.m3u8?ads.xumo_channelId=99951427&ads._fw_ifa_type=[IFA_TYPE]&ads._fw_did=[IFA]&ads.amznappId=[AMZN_APP_ID]&ads.lat=[LAT]&ads.lon=[LON]&ads.os=[OS]&ads.osv=[OS_VERSION]&ads.asnw=&ads.caid=FoxNewYork&ads.csid=xumo_[PLATFORM]_FoxNewYork_ssai&ads._fw_is_lat=[IS_LAT]&ads._fw_us_privacy=[CCPA_Value]&ads._fw_coppa=0&ads.genre=News,N,DN,Weather,Local,LocalNews,News-Local&ads._fw_content_category=[IAB_content_category]&ads._fw_content_language=[content_language]&ads._fw_content_genre=News,N,DN,Weather,Local,LocalNews,News-Local&ads._fw_content_rating=[content_rating]&ads.xumo_contentId=4162&ads.xumo_contentName=FoxNewYork&ads.xumo_providerId=4162&ads.xumo_providerName=FoxNewYork&ads._fw_deviceMake=[device_make]&ads._fw_device_model=[device_model]&ads.channelId=99951427&ads.xumo_platform=[PLATFORM]&ads.site_id=[publica_site_id]&ads.appName=xumo&ads.appVersion=[APP_VERSION]&ads._fw_app_bundle=[app_bundle]&ads._fw_app_store_url=[app_store_url]","200","15"
"fox_local_orlando_us","FOX","FOX LOCAL Orlando","US","XUMO🇺🇸: Local News","XUMO_99951425","https://dbrb49pjoymg4.cloudfront.net/10001/99951425/hls/playlist.m3u8?ads.xumo_channelId=99951425&ads._fw_ifa_type=[IFA_TYPE]&ads._fw_did=[IFA]&ads.amznappId=[AMZN_APP_ID]&ads.lat=[LAT]&ads.lon=[LON]&ads.os=[OS]&ads.osv=[OS_VERSION]&ads.asnw=&ads.caid=FoxOrlando&ads.csid=xumo_[PLATFORM]_FoxOrlando_ssai&ads._fw_is_lat=[IS_LAT]&ads._fw_us_privacy=[CCPA_Value]&ads._fw_coppa=0&ads.genre=News,N,DN,Weather,Local,LocalNews,News-Local&ads._fw_content_category=[IAB_content_category]&ads._fw_content_language=[content_language]&ads._fw_content_genre=News,N,DN,Weather,Local,LocalNews,News-Local&ads._fw_content_rating=[content_rating]&ads.xumo_contentId=4160&ads.xumo_contentName=FoxOrlando&ads.xumo_providerId=4160&ads.xumo_providerName=FoxOrlando&ads._fw_deviceMake=[device_make]&ads._fw_device_model=[device_model]&ads.channelId=99951425&ads.xumo_platform=[PLATFORM]&ads.site_id=[publica_site_id]&ads.appName=xumo&ads.appVersion=[APP_VERSION]&ads._fw_app_bundle=[app_bundle]&ads._fw_app_store_url=[app_store_url]","200","16"
"fox_local_philadelphia_us","FOX","FOX LOCAL Philadelphia","US","XUMO🇺🇸: Local News","XUMO_99951424","https://dbrb49pjoymg4.cloudfront.net/10001/99951424/hls/playlist.m3u8?ads.xumo_channelId=99951424&ads._fw_ifa_type=[IFA_TYPE]&ads._fw_did=[IFA]&ads.amznappId=[AMZN_APP_ID]&ads.lat=[LAT]&ads.lon=[LON]&ads.os=[OS]&ads.osv=[OS_VERSION]&ads.asnw=&ads.caid=FoxPhiladelphia&ads.csid=xumo_[PLATFORM]_FoxPhiladelphia_ssai&ads._fw_is_lat=[IS_LAT]&ads._fw_us_privacy=[CCPA_Value]&ads._fw_coppa=0&ads.genre=News,N,DN,Weather,Local,LocalNews,News-Local&ads._fw_content_category=[IAB_content_category]&ads._fw_content_language=[content_language]&ads._fw_content_genre=News,N,DN,Weather,Local,LocalNews,News-Local&ads._fw_content_rating=[content_rating]&ads.xumo_contentId=4159&ads.xumo_contentName=FoxPhiladelphia&ads.xumo_providerId=4159&ads.xumo_providerName=FoxPhiladelphia&ads._fw_deviceMake=[device_make]&ads._fw_device_model=[device_model]&ads.channelId=99951424&ads.xumo_platform=[PLATFORM]&ads.site_id=[publica_site_id]&ads.appName=xumo&ads.appVersion=[APP_VERSION]&ads._fw_app_bundle=[app_bundle]&ads._fw_app_store_url=[app_store_url]","200","11"
"fox_local_phoenix_us","FOX","FOX LOCAL Phoenix","US","XUMO🇺🇸: Local News","XUMO_99951419","https://dbrb49pjoymg4.cloudfront.net/10001/99951419/hls/playlist.m3u8?ads.xumo_channelId=99951419&ads._fw_ifa_type=[IFA_TYPE]&ads._fw_did=[IFA]&ads.amznappId=[AMZN_APP_ID]&ads.lat=[LAT]&ads.lon=[LON]&ads.os=[OS]&ads.osv=[OS_VERSION]&ads.asnw=&ads.caid=FoxPhoenix&ads.csid=xumo_[PLATFORM]_FoxPhoenix_ssai&ads._fw_is_lat=[IS_LAT]&ads._fw_us_privacy=[CCPA_Value]&ads._fw_coppa=0&ads.genre=News,N,DN,Weather,Local,LocalNews,News-Local&ads._fw_content_category=[IAB_content_category]&ads._fw_content_language=[content_language]&ads._fw_content_genre=News,N,DN,Weather,Local,LocalNews,News-Local&ads._fw_content_rating=[content_rating]&ads.xumo_contentId=4154&ads.xumo_contentName=FoxPhoenix&ads.xumo_providerId=4154&ads.xumo_providerName=FoxPhoenix&ads._fw_deviceMake=[device_make]&ads._fw_device_model=[device_model]&ads.channelId=99951419&ads.xumo_platform=[PLATFORM]&ads.site_id=[publica_site_id]&ads.appName=xumo&ads.appVersion=[APP_VERSION]&ads._fw_app_bundle=[app_bundle]&ads._fw_app_store_url=[app_store_url]","200","16"
"fox_local_seattle_us","FOX","FOX LOCAL Seattle","US","XUMO🇺🇸: Local News","XUMO_99951417","https://dbrb49pjoymg4.cloudfront.net/10001/99951417/hls/playlist.m3u8?ads.xumo_channelId=99951417&ads._fw_ifa_type=[IFA_TYPE]&ads._fw_did=[IFA]&ads.amznappId=[AMZN_APP_ID]&ads.lat=[LAT]&ads.lon=[LON]&ads.os=[OS]&ads.osv=[OS_VERSION]&ads.asnw=&ads.caid=FoxSeattle&ads.csid=xumo_[PLATFORM]_FoxSeattle_ssai&ads._fw_is_lat=[IS_LAT]&ads._fw_us_privacy=[CCPA_Value]&ads._fw_coppa=0&ads.genre=News,N,DN,Weather,Local,LocalNews,News-Local&ads._fw_content_category=[IAB_content_category]&ads._fw_content_language=[content_language]&ads._fw_content_genre=News,N,DN,Weather,Local,LocalNews,News-Local&ads._fw_content_rating=[content_rating]&ads.xumo_contentId=4151&ads.xumo_contentName=FoxSeattle&ads.xumo_providerId=4151&ads.xumo_providerName=FoxSeattle&ads._fw_deviceMake=[device_make]&ads._fw_device_model=[device_model]&ads.channelId=99951417&ads.xumo_platform=[PLATFORM]&ads.site_id=[publica_site_id]&ads.appName=xumo&ads.appVersion=[APP_VERSION]&ads._fw_app_bundle=[app_bundle]&ads._fw_app_store_url=[app_store_url]","200","16"
"fox_local_tampa_bay_us","FOX","FOX LOCAL Tampa Bay","US","XUMO🇺🇸: Local News","XUMO_99951416","https://dbrb49pjoymg4.cloudfront.net/10001/99951416/hls/playlist.m3u8?ads.xumo_channelId=99951416&ads._fw_ifa_type=[IFA_TYPE]&ads._fw_did=[IFA]&ads.amznappId=[AMZN_APP_ID]&ads.lat=[LAT]&ads.lon=[LON]&ads.os=[OS]&ads.osv=[OS_VERSION]&ads.asnw=&ads.caid=FoxTampaBay&ads.csid=xumo_[PLATFORM]_FoxTampaBay_ssai&ads._fw_is_lat=[IS_LAT]&ads._fw_us_privacy=[CCPA_Value]&ads._fw_coppa=0&ads.genre=News,N,DN,Weather,Local,LocalNews,News-Local&ads._fw_content_category=[IAB_content_category]&ads._fw_content_language=[content_language]&ads._fw_content_genre=News,N,DN,Weather,Local,LocalNews,News-Local&ads._fw_content_rating=[content_rating]&ads.xumo_contentId=4150&ads.xumo_contentName=FoxTampaBay&ads.xumo_providerId=4150&ads.xumo_providerName=FoxTampaBay&ads._fw_deviceMake=[device_make]&ads._fw_device_model=[device_model]&ads.channelId=99951416&ads.xumo_platform=[PLATFORM]&ads.site_id=[publica_site_id]&ads.appName=xumo&ads.appVersion=[APP_VERSION]&ads._fw_app_bundle=[app_bundle]&ads._fw_app_store_url=[app_store_url]","200","14"
"fox_local_washington_dc_us","FOX","FOX LOCAL Washington DC","US","XUMO🇺🇸: Local News","XUMO_99951428","https://dbrb49pjoymg4.cloudfront.net/10001/99951428/hls/playlist.m3u8?ads.xumo_channelId=99951428&ads._fw_ifa_type=[IFA_TYPE]&ads._fw_did=[IFA]&ads.amznappId=[AMZN_APP_ID]&ads.lat=[LAT]&ads.lon=[LON]&ads.os=[OS]&ads.osv=[OS_VERSION]&ads.asnw=&ads.caid=FoxWashingtonDC&ads.csid=xumo_[PLATFORM]_FoxWashingtonDC_ssai&ads._fw_is_lat=[IS_LAT]&ads._fw_us_privacy=[CCPA_Value]&ads._fw_coppa=0&ads.genre=News,N,DN,Weather,Local,LocalNews,News-Local&ads._fw_content_category=[IAB_content_category]&ads._fw_content_language=[content_language]&ads._fw_content_genre=News,N,DN,Weather,Local,LocalNews,News-Local&ads._fw_content_rating=[content_rating]&ads.xumo_contentId=4163&ads.xumo_contentName=FoxWashingtonDC&ads.xumo_providerId=4163&ads.xumo_providerName=FoxWashingtonDC&ads._fw_deviceMake=[device_make]&ads._fw_device_model=[device_model]&ads.channelId=99951428&ads.xumo_platform=[PLATFORM]&ads.site_id=[publica_site_id]&ads.appName=xumo&ads.appVersion=[APP_VERSION]&ads._fw_app_bundle=[app_bundle]&ads._fw_app_store_url=[app_store_url]","200","10"
"fox_soul_us_us","FOX","Fox Soul (US)","US","General","","https://cdn-uw2-prod.tsv2.amagi.tv/linear/amg00488-foxdigital-foxsoul-lgus/playlist.m3u8","200","5"
"game_show_network_east_720p_not_24_7_us","Game Show Network","Game Show Network East (720p) [Not 24/7]","US","Entertainment","GameShowNetwork.us@East","https://a-cdn.klowdtv.com/live2/gsn_720p/playlist.m3u8","200","-22"
"grit_xtra_1080p_us","Grit","Grit Xtra (1080p)","US","Entertainment","GritXtra.us@SD","https://cdn-uw2-prod.tsv2.amagi.tv/linear/amg01438-ewscrippscompan-gritxtra-tablo/playlist.m3u8","200","1"
"classic_car_auctions_by_history_us","History","Classic Car Auctions by History","US","General","XUMO_99951486","https://dbrb49pjoymg4.cloudfront.net/10001/99951486/hls/playlist.m3u8?ads.xumo_channelId=99951486&ads.xumo_streamId=99951486&ads.channelId=99951486&ads.channelName=AEClassicCarAuctions_us&ads.caid=AEClassicCarAuctions&ads.csid=xumo_[PLATFORM]_AEClassicCarAuctions_ssai&ads._fw_coppa=0&ads.xumo_contentId=4326&ads.xumo_contentName=AEClassicCarAuctions&ads.xumo_providerId=4326&ads.xumo_providerName=AEClassicCarAuctions&ads._fw_ifa_type=[IFA_TYPE]&ads._fw_did=[IFA]&ads.amznappId=[AMZN_APP_ID]&ads.lat=[LAT]&ads.lon=[LON]&ads.os=[OS]&ads.osv=[OS_VERSION]&ads._fw_is_lat=[IS_LAT]&ads._fw_us_privacy=[CCPA_Value]&ads.genre=[CONTENT_IMDB_GENRE]&ads._fw_content_category=[IAB_content_category]&ads._fw_content_language=[content_language]&ads._fw_content_genre=[content_genre]&ads._fw_content_rating=[content_rating]&ads._fw_deviceMake=[device_make]&ads._fw_device_model=[device_model]&ads.xumo_platform=[PLATFORM]&ads.site_id=[publica_site_id]&ads.appVersion=[APP_VERSION]&ads._fw_app_bundle=[app_bundle]&ads._fw_app_store_url=[app_store_url]&ads.appName=XumoPlay","200","2"
"history_hit_fi_us","History","History Hit (FI)","US","General","","https://cdn-uw2-prod.tsv2.amagi.tv/linear/amg00426-littledotstudio-historyhit-lgfi/playlist.m3u8","200","2"
"history_time_ca_us","History","History Time (CA)","US","General","","https://cdn-uw2-prod.tsv2.amagi.tv/linear/amg00090-blueantllc-historytime-lgca/playlist.m3u8","200","1"
"history_time_dk_us","History","History Time (DK)","US","General","","https://cdn-uw2-prod.tsv2.amagi.tv/linear/amg00426-littledotstudio-historytime-lgdk/playlist.m3u8","200","1"
"history_time_us_us","History","History Time (US)","US","General","","https://cdn-uw2-prod.tsv2.amagi.tv/linear/amg00090-blueantllc-historytime-lgus/playlist.m3u8","200","1"
"ice_road_truckers_by_history_us","History","Ice Road Truckers by History","US","XUMO🇺🇸: Reality TV","XUMO_99951484","https://dbrb49pjoymg4.cloudfront.net/10001/99951484/hls/playlist.m3u8?ads.xumo_channelId=99951484&ads.xumo_streamId=99951484&ads.channelId=99951484&ads.channelName=AEIceRoadTruckersbyHistory_us&ads.caid=AEIceRoadTruckersbyHistory&ads.csid=xumo_[PLATFORM]_AEIceRoadTruckersbyHistory_ssai&ads._fw_coppa=0&ads.xumo_contentId=4323&ads.xumo_contentName=AEIceRoadTruckersbyHistory&ads.xumo_providerId=4323&ads.xumo_providerName=AEIceRoadTruckersbyHistory&ads._fw_ifa_type=[IFA_TYPE]&ads._fw_did=[IFA]&ads.amznappId=[AMZN_APP_ID]&ads.lat=[LAT]&ads.lon=[LON]&ads.os=[OS]&ads.osv=[OS_VERSION]&ads._fw_is_lat=[IS_LAT]&ads._fw_us_privacy=[CCPA_Value]&ads.genre=Reality,Drama,GD,Entertainment,GV,Reality-TV,Reality+Shows&ads._fw_content_category=[IAB_content_category]&ads._fw_content_language=[content_language]&ads._fw_content_genre=Reality,Drama,GD,Entertainment,GV,Reality-TV,Reality+Shows&ads._fw_content_rating=[content_rating]&ads._fw_deviceMake=[device_make]&ads._fw_device_model=[device_model]&ads.xumo_platform=[PLATFORM]&ads.site_id=[publica_site_id]&ads.appVersion=[APP_VERSION]&ads._fw_app_bundle=[app_bundle]&ads._fw_app_store_url=[app_store_url]&ads.appName=XumoPlay","200","-3"
"modern_marvels_by_history_us","History","Modern Marvels by History","US","XUMO🇺🇸: History & Learning","XUMO_99951473","https://dbrb49pjoymg4.cloudfront.net/10001/99951473/hls/playlist.m3u8?ads.xumo_channelId=99951473&ads.xumo_streamId=99951473&ads.channelId=99951473&ads.channelName=AEModernMarvelsByHistory_us&ads.caid=AEModernMarvelsByHistory&ads.csid=xumo_[PLATFORM]_AEModernMarvelsByHistory_ssai&ads._fw_coppa=0&ads.xumo_contentId=4319&ads.xumo_contentName=AEModernMarvelsByHistory&ads.xumo_providerId=4319&ads.xumo_providerName=AEModernMarvelsByHistory&ads._fw_ifa_type=[IFA_TYPE]&ads._fw_did=[IFA]&ads.amznappId=[AMZN_APP_ID]&ads.lat=[LAT]&ads.lon=[LON]&ads.os=[OS]&ads.osv=[OS_VERSION]&ads._fw_is_lat=[IS_LAT]&ads._fw_us_privacy=[CCPA_Value]&ads.genre=[CONTENT_IMDB_GENRE]&ads._fw_content_category=[IAB_content_category]&ads._fw_content_language=[content_language]&ads._fw_content_genre=[content_genre]&ads._fw_content_rating=[content_rating]&ads._fw_deviceMake=[device_make]&ads._fw_device_model=[device_model]&ads.xumo_platform=[PLATFORM]&ads.site_id=[publica_site_id]&ads.appVersion=[APP_VERSION]&ads._fw_app_bundle=[app_bundle]&ads._fw_app_store_url=[app_store_url]&ads.appName=XumoPlay","200","0"
"ion_plus_1080p_us","ION Plus","ION Plus (1080p)","US","Entertainment","IONPlus.us@East","https://cdn-uw2-prod.tsv2.amagi.tv/linear/amg01438-ewscrippscompan-ionplus-tablo/playlist.m3u8","200","2"
"matched_married_meet_by_lifetime_us","Lifetime","Matched Married Meet by Lifetime","US","XUMO🇺🇸: Reality TV","XUMO_99951487","https://dbrb49pjoymg4.cloudfront.net/10001/99951487/hls/playlist.m3u8?ads.xumo_channelId=99951487&ads.xumo_streamId=99951487&ads.channelId=99951487&ads.channelName=AEMatchedMarriedMeet_us&ads.caid=AEMatchedMarriedMeet&ads.csid=xumo_[PLATFORM]_AEMatchedMarriedMeet_ssai&ads._fw_coppa=0&ads.xumo_contentId=4327&ads.xumo_contentName=AEMatchedMarriedMeet&ads.xumo_providerId=4327&ads.xumo_providerName=AEMatchedMarriedMeet&ads._fw_ifa_type=[IFA_TYPE]&ads._fw_did=[IFA]&ads.amznappId=[AMZN_APP_ID]&ads.lat=[LAT]&ads.lon=[LON]&ads.os=[OS]&ads.osv=[OS_VERSION]&ads._fw_is_lat=[IS_LAT]&ads._fw_us_privacy=[CCPA_Value]&ads.genre=Reality,Drama,GD,Entertainment,GV,Reality-TV,Reality+Shows&ads._fw_content_category=[IAB_content_category]&ads._fw_content_language=[content_language]&ads._fw_content_genre=Reality,Drama,GD,Entertainment,GV,Reality-TV,Reality+Shows&ads._fw_content_rating=[content_rating]&ads._fw_deviceMake=[device_make]&ads._fw_device_model=[device_model]&ads.xumo_platform=[PLATFORM]&ads.site_id=[publica_site_id]&ads.appVersion=[APP_VERSION]&ads._fw_app_bundle=[app_bundle]&ads._fw_app_store_url=[app_store_url]&ads.appName=XumoPlay","200","-7"
"classic_movies_channel_us","Movies!","Classic Movies Channel","US","Movies","ClassicMoviesChannel.us@SD","https://jmp2.uk/plu-561c5b0dada51f8004c4d855.m3u8","200","11"
"gravitas_movies_us","Movies!","Gravitas Movies","US","General","XUMO_99991312","https://dbrb49pjoymg4.cloudfront.net/10001/99991312/hls/master.m3u8?includeAssetTags=true&ads.xumo_channelId=99991312&ads._fw_ifa_type=[IFA_TYPE]&ads._fw_did=[IFA]&ads.amznappId=[AMZN_APP_ID]&ads.lat=[LAT]&ads.lon=[LON]&ads.os=[OS]&ads.osv=[OS_VERSION]&ads.asnw=&ads.caid=GravitasMovies&ads.csid=xumo_[PLATFORM]_GravitasMovies_ssai&ads._fw_is_lat=[IS_LAT]&ads._fw_us_privacy=[CCPA_Value]&ads._fw_coppa=0&ads.genre=Movie,Movies,FF,Entertainment,GV,Drama,GD&ads._fw_content_category=[IAB_content_category]&ads._fw_content_language=[content_language]&ads._fw_content_genre=Movie,Movies,FF,Entertainment,GV,Drama,GD&ads._fw_content_rating=[content_rating]&ads.xumo_contentId=247&ads.xumo_contentName=GravitasMovies&ads.xumo_providerId=247&ads.xumo_providerName=GravitasMovies&ads._fw_deviceMake=[device_make]&ads._fw_device_model=[device_model]&ads.channelId=99991312&ads.xumo_platform=[PLATFORM]&ads.site_id=[publica_site_id]&ads.appName=xumo&ads.appVersion=[APP_VERSION]&ads._fw_app_bundle=[app_bundle]&ads._fw_app_store_url=[app_store_url]","200","18"
"movies_4_free_us","Movies!","Movies 4 Free","US","General","","https://movies4free-lg.amagi.tv/playlist.m3u8","206","30"
"movies_4_free_geo_us","Movies!","Movies 4 Free Geo","US","General","","https://cdn-uw2-prod.tsv2.amagi.tv/linear/videosolu-movies4free-lg/playlist.m3u8","206","26"
"outflix_movies_us","Movies!","OUTflix Movies","US","General","XUMO_99951288","https://d3a6p9masi26ag.cloudfront.net/10001/99951288/hls/playlist.m3u8?ads.xumo_channelId=99951288&ads._fw_ifa_type=[IFA_TYPE]&ads._fw_did=[IFA]&ads.amznappId=[AMZN_APP_ID]&ads.lat=[LAT]&ads.lon=[LON]&ads.os=[OS]&ads.osv=[OS_VERSION]&ads.asnw=&ads.caid=FuseOutTVProud&ads.csid=xumo_[PLATFORM]_FuseOutTVProud_ssai&ads._fw_is_lat=[IS_LAT]&ads._fw_us_privacy=[CCPA_Value]&ads._fw_coppa=0&ads.genre=[CONTENT_IMDB_GENRE]&ads._fw_content_category=[IAB_content_category]&ads._fw_content_language=[content_language]&ads._fw_content_genre=[content_genre]&ads._fw_content_rating=[content_rating]&ads.xumo_contentId=4004&ads.xumo_contentName=FuseOutTVProud&ads.xumo_providerId=4004&ads.xumo_providerName=FuseOutTVProud&ads._fw_deviceMake=[device_make]&ads._fw_device_model=[device_model]&ads.channelId=99951288&ads.xumo_platform=[PLATFORM]&ads.site_id=[publica_site_id]&ads.appName=xumo&ads.appVersion=[APP_VERSION]&ads._fw_app_bundle=[app_bundle]&ads._fw_app_store_url=[app_store_url]","200","19"
"pluto_tv_crime_movies_us","Movies!","Pluto TV Crime Movies","US","Movies","PlutoTVCrimeMovies.us@SD","https://jmp2.uk/plu-5f4d8594eb979c0007706de7.m3u8","200","12"
"pluto_tv_movies_us","Movies!","Pluto TV Movies","US","Movies","PlutoTVMovies.us@Germany","https://jmp2.uk/plu-5c5c3b948002db3c3e0b262e.m3u8","200","18"
"shout_movies_us","Movies!","Shout! Movies","US","General","XUMO_99951411","https://dtqutq7lmcchv.cloudfront.net/10001/99951411/hls/playlist.m3u8?ads.xumo_channelId=99951411&ads._fw_ifa_type=[IFA_TYPE]&ads._fw_did=[IFA]&ads.amznappId=[AMZN_APP_ID]&ads.lat=[LAT]&ads.lon=[LON]&ads.os=[OS]&ads.osv=[OS_VERSION]&ads.asnw=&ads.caid=ShoutFactoryShoutMovies&ads.csid=xumo_[PLATFORM]_ShoutFactoryShoutMovies_ssai&ads._fw_is_lat=[IS_LAT]&ads._fw_us_privacy=[CCPA_Value]&ads._fw_coppa=0&ads.genre=Movie,Movies,FF,Entertainment,GV,Drama,GD&ads._fw_content_category=[IAB_content_category]&ads._fw_content_language=[content_language]&ads._fw_content_genre=Movie,Movies,FF,Entertainment,GV,Drama,GD&ads._fw_content_rating=[content_rating]&ads.xumo_contentId=4224&ads.xumo_contentName=ShoutFactoryShoutMovies&ads.xumo_providerId=4224&ads.xumo_providerName=ShoutFactoryShoutMovies&ads._fw_deviceMake=[device_make]&ads._fw_device_model=[device_model]&ads.channelId=99951411&ads.xumo_platform=[PLATFORM]&ads.site_id=[publica_site_id]&ads.appName=xumo&ads.appVersion=[APP_VERSION]&ads._fw_app_bundle=[app_bundle]&ads._fw_app_store_url=[app_store_url]","200","20"
"universal_movies_us","Movies!","Universal Movies","US","General","XUMO_99991621","https://d4whmvwm0rdvi.cloudfront.net/10007/99991621/hls/master.m3u8?ads.xumo_channelId=99991621&ads.asnw=169843&ads.afid=158702674&ads.sfid=16926435&ads.csid=xumo_[PLATFORM]_rottentomatoesrttv_ssai_cro&ads._fw_is_lat=[IS_LAT]&ads._fw_us_privacy=[CCPA_Value]&ads._fw_coppa=0&ads._fw_did=[IFA]&ads._fw_vcid2=512116:[IFA]&ads._fw_app_bundle=[app_bundle]&ads._fw_app_store_url=[app_store_url]&ads._fw_content_category=[IAB_content_category]&ads._fw_content_genre=[content_genre]&ads._fw_content_language=[content_language]&ads._fw_content_rating=[content_rating]&ads._fw_deviceMake=[device_make]&ads._fw_device_model=[device_model]&ads._fw_deviceType=3-Connected_TV&ads.appVersion=[APP_VERSION]&ads.appName=XumoPlay&ads.xumo_contentId=2659&ads.xumo_contentName=RottenTomatoesRTTV&ads.xumo_providerId=2659&ads.xumo_providerName=RottenTomatoesRTTV&ads.channelId=99991621&ads._fw_ifa_type=[IFA_TYPE]","200","17"
"moviesphere_720p_us","MovieSphere","Moviesphere (720p)","US","Movies","MovieSphere.us@SD","https://jmp2.uk/plu-6401d85a49839300087b116c.m3u8","200","600"
"moviesphere_by_lionsgate_us_2","MovieSphere","MovieSphere by Lionsgate","US","Movies","MovieSphere.us@CA","https://jmp2.uk/plu-64a3d96f060e830008af6745.m3u8","200","9"
"moviesphere_by_lionsgate_us","MovieSphere","MovieSphere by Lionsgate","US","General","XUMO_99951251","https://dbrb49pjoymg4.cloudfront.net/10001/99951251/hls/playlist.m3u8?ads.xumo_channelId=99951251&ads._fw_ifa_type=[IFA_TYPE]&ads._fw_did=[IFA]&ads.amznappId=[AMZN_APP_ID]&ads.lat=[LAT]&ads.lon=[LON]&ads.os=[OS]&ads.osv=[OS_VERSION]&ads.asnw=&ads.caid=LionsgateMovieSphere&ads.csid=xumo_[PLATFORM]_LionsgateMovieSphere_ssai&ads._fw_is_lat=[IS_LAT]&ads._fw_us_privacy=[CCPA_Value]&ads._fw_coppa=0&ads.genre=Movie,Movies,FF,Entertainment,GV,Drama,GD&ads._fw_content_category=[IAB_content_category]&ads._fw_content_language=[content_language]&ads._fw_content_genre=Movie,Movies,FF,Entertainment,GV,Drama,GD&ads._fw_content_rating=[content_rating]&ads.xumo_contentId=3955&ads.xumo_contentName=LionsgateMovieSphere&ads.xumo_providerId=3955&ads.xumo_providerName=LionsgateMovieSphere&ads._fw_deviceMake=[device_make]&ads._fw_device_model=[device_model]&ads.channelId=99951251&ads.xumo_platform=[PLATFORM]&ads.site_id=[publica_site_id]&ads.appName=xumo&ads.appVersion=[APP_VERSION]&ads._fw_app_bundle=[app_bundle]&ads._fw_app_store_url=[app_store_url]","200","9"
"mtv_en_espa_ol_us","MTV","MTV en español","US","Entertainment","MTVenEspanol.us@SD","https://jmp2.uk/plu-5cf96d351652631e36d4331f.m3u8","200","19"
"mtv_ridiculousness_us","MTV","MTV Ridiculousness","US","Entertainment","MTVRidiculousness.us@Germany","https://jmp2.uk/plu-5f9847fd513250000728a9a5.m3u8","200","15"
"nbc_10_boston_news_us","NBC","NBC 10 Boston News","US","XUMO🇺🇸: Local News","XUMO_99951168","https://d4whmvwm0rdvi.cloudfront.net/10007/99951168/hls/master.m3u8?ads.xumo_channelId=99951168&ads.asnw=169843&ads.afid=310133486&ads.sfid=17135549&ads.csid=xumo_[PLATFORM]_NBCNBOS_ssai_cro&ads._fw_is_lat=[IS_LAT]&ads._fw_us_privacy=[CCPA_Value]&ads._fw_coppa=0&ads._fw_did=[IFA]&ads._fw_vcid2=512116:[IFA]&ads._fw_app_bundle=[app_bundle]&ads._fw_app_store_url=[app_store_url]&ads._fw_content_category=[IAB_content_category]&ads._fw_content_genre=[content_genre]&ads._fw_content_language=[content_language]&ads._fw_content_rating=[content_rating]&ads._fw_deviceMake=[device_make]&ads._fw_device_model=[device_model]&ads._fw_deviceType=3-Connected_TV&ads.appVersion=[APP_VERSION]&ads.appName=xumo&ads.xumo_contentId=3820&ads.xumo_contentName=NBCNBOS&ads.xumo_providerId=3820&ads.xumo_providerName=NBCNBOS&ads.channelId=99951168&ads._fw_ifa_type=[IFA_TYPE]","200","15"
"nbc_10_philadelphia_news_us","NBC","NBC 10 Philadelphia News","US","XUMO🇺🇸: Local News","XUMO_99951166","https://d4whmvwm0rdvi.cloudfront.net/10007/99951166/hls/master.m3u8?ads.xumo_channelId=99951166&ads.asnw=169843&ads.afid=314830727&ads.sfid=17135549&ads.csid=xumo_[PLATFORM]_NBCNPHI_ssai_cro&ads._fw_is_lat=[IS_LAT]&ads._fw_us_privacy=[CCPA_Value]&ads._fw_coppa=0&ads._fw_did=[IFA]&ads._fw_vcid2=512116:[IFA]&ads._fw_app_bundle=[app_bundle]&ads._fw_app_store_url=[app_store_url]&ads._fw_content_category=[IAB_content_category]&ads._fw_content_genre=[content_genre]&ads._fw_content_language=[content_language]&ads._fw_content_rating=[content_rating]&ads._fw_deviceMake=[device_make]&ads._fw_device_model=[device_model]&ads._fw_deviceType=3-Connected_TV&ads.appVersion=[APP_VERSION]&ads.appName=xumo&ads.xumo_contentId=3819&ads.xumo_contentName=NBCNPHI&ads.xumo_providerId=3819&ads.xumo_providerName=NBCNPHI&ads.channelId=99951166&ads._fw_ifa_type=[IFA_TYPE]","200","9"
"nbc_12_winston_salem_nc_wxii_720p_us","NBC","NBC 12 Winston-Salem NC (WXII) (720p)","US","News","WXIITV201.us@HD","https://aegis-cloudfront-1.tubi.video/54b357b4-bf4b-4356-97b4-b1acb6ab62f7/playlist.m3u8","206","-9"
"nbc_4_los_angeles_news_us","NBC","NBC 4 Los Angeles News","US","XUMO🇺🇸: Local News","XUMO_99951164","https://d4whmvwm0rdvi.cloudfront.net/10007/99951164/hls/master.m3u8?ads.xumo_channelId=99951164&ads.asnw=169843&ads.afid=314801499&ads.sfid=17135549&ads.csid=xumo_[PLATFORM]_NBCNLA_ssai_cro&ads._fw_is_lat=[IS_LAT]&ads._fw_us_privacy=[CCPA_Value]&ads._fw_coppa=0&ads._fw_did=[IFA]&ads._fw_vcid2=512116:[IFA]&ads._fw_app_bundle=[app_bundle]&ads._fw_app_store_url=[app_store_url]&ads._fw_content_category=[IAB_content_category]&ads._fw_content_genre=[content_genre]&ads._fw_content_language=[content_language]&ads._fw_content_rating=[content_rating]&ads._fw_deviceMake=[device_make]&ads._fw_device_model=[device_model]&ads._fw_deviceType=3-Connected_TV&ads.appVersion=[APP_VERSION]&ads.appName=xumoplay&ads.xumo_contentId=3817&ads.xumo_contentName=NBCNLA&ads.xumo_providerId=3817&ads.xumo_providerName=NBCNLA&ads.channelId=99951164&ads._fw_ifa_type=[IFA_TYPE]","200","11"
"nbc_4_new_york_news_us","NBC","NBC 4 New York News","US","XUMO🇺🇸: Local News","XUMO_99951163","https://d4whmvwm0rdvi.cloudfront.net/10007/99951163/hls/master.m3u8?ads.xumo_channelId=99951163&ads.asnw=169843&ads.afid=314830728&ads.sfid=17135549&ads.csid=xumo_[PLATFORM]_NBCNNY_ssai_cro&ads._fw_is_lat=[IS_LAT]&ads._fw_us_privacy=[CCPA_Value]&ads._fw_coppa=0&ads._fw_did=[IFA]&ads._fw_vcid2=512116:[IFA]&ads._fw_app_bundle=[app_bundle]&ads._fw_app_store_url=[app_store_url]&ads._fw_content_category=[IAB_content_category]&ads._fw_content_genre=[content_genre]&ads._fw_content_language=[content_language]&ads._fw_content_rating=[content_rating]&ads._fw_deviceMake=[device_make]&ads._fw_device_model=[device_model]&ads._fw_deviceType=3-Connected_TV&ads.appVersion=[APP_VERSION]&ads.appName=xumoplay&ads.xumo_contentId=3816&ads.xumo_contentName=NBCNNY&ads.xumo_providerId=3816&ads.xumo_providerName=NBCNNY&ads.channelId=99951163&ads._fw_ifa_type=[IFA_TYPE]","200","14"
"nbc_4_washington_news_us","NBC","NBC 4 Washington News","US","XUMO🇺🇸: Local News","XUMO_99951181","https://d4whmvwm0rdvi.cloudfront.net/10007/99951181/hls/master.m3u8?ads.xumo_channelId=99951181&ads.asnw=169843&ads.afid=348208756&ads.sfid=17135549&ads.csid=xumo_[PLATFORM]_NBCNWAS_ssai_cro&ads._fw_is_lat=[IS_LAT]&ads._fw_us_privacy=[CCPA_Value]&ads._fw_coppa=0&ads._fw_did=[IFA]&ads._fw_vcid2=512116:[IFA]&ads._fw_app_bundle=[app_bundle]&ads._fw_app_store_url=[app_store_url]&ads._fw_content_category=[IAB_content_category]&ads._fw_content_genre=[content_genre]&ads._fw_content_language=[content_language]&ads._fw_content_rating=[content_rating]&ads._fw_deviceMake=[device_make]&ads._fw_device_model=[device_model]&ads._fw_deviceType=3-Connected_TV&ads.appVersion=[APP_VERSION]&ads.appName=xumo&ads.xumo_contentId=3830&ads.xumo_contentName=NBCNWAS&ads.xumo_providerId=3830&ads.xumo_providerName=NBCNWAS&ads.channelId=99951181&ads._fw_ifa_type=[IFA_TYPE]","200","12"
"nbc_5_chicago_news_us","NBC","NBC 5 Chicago News","US","XUMO🇺🇸: Local News","XUMO_99951165","https://d4whmvwm0rdvi.cloudfront.net/10007/99951165/hls/master.m3u8?ads.xumo_channelId=99951165&ads.xumo_streamId=99951165&ads.channelId=99951165&ads.asnw=169843&ads.afid=314828707&ads.sfid=17135549&ads.csid=xumo_[PLATFORM]_NBCNCHI_ssai_cro&ads._fw_coppa=0&ads.xumo_contentId=3818&ads.xumo_contentName=NBCNCHI&ads.xumo_providerId=3818&ads.xumo_providerName=NBCNCHI&ads._fw_is_lat=[IS_LAT]&ads._fw_us_privacy=[CCPA_Value]&ads._fw_ifa_type=[IFA_TYPE]&ads._fw_did=[IFA]&ads._fw_vcid2=512116:[IFA]&ads._fw_content_category=[IAB_content_category]&ads._fw_content_genre=[content_genre]&ads._fw_content_language=[content_language]&ads._fw_content_rating=[content_rating]&ads._fw_deviceMake=[device_make]&ads._fw_device_model=[device_model]&ads.appVersion=[APP_VERSION]&ads._fw_app_bundle=[app_bundle]&ads._fw_app_store_url=[app_store_url]","200","15"
"nbc_5_dallas_fort_worth_news_us","NBC","NBC 5 Dallas-Fort Worth News","US","XUMO🇺🇸: Local News","XUMO_99951182","https://d4whmvwm0rdvi.cloudfront.net/10007/99951182/hls/master.m3u8?ads.xumo_channelId=99951182&ads.asnw=169843&ads.afid=348207725&ads.sfid=17135549&ads.csid=xumo_[PLATFORM]_NBCNDAL_ssai_cro&ads._fw_is_lat=[IS_LAT]&ads._fw_us_privacy=[CCPA_Value]&ads._fw_coppa=0&ads._fw_did=[IFA]&ads._fw_vcid2=512116:[IFA]&ads._fw_app_bundle=[app_bundle]&ads._fw_app_store_url=[app_store_url]&ads._fw_content_category=[IAB_content_category]&ads._fw_content_genre=[content_genre]&ads._fw_content_language=[content_language]&ads._fw_content_rating=[content_rating]&ads._fw_deviceMake=[device_make]&ads._fw_device_model=[device_model]&ads._fw_deviceType=3-Connected_TV&ads.appVersion=[APP_VERSION]&ads.appName=XumoPlay&ads.xumo_contentId=3831&ads.xumo_contentName=NBCNDAL&ads.xumo_providerId=3831&ads.xumo_providerName=NBCNDAL&ads.channelId=99951182&ads._fw_ifa_type=[IFA_TYPE]","200","5"
"nbc_6_south_florida_news_us","NBC","NBC 6 South Florida News","US","XUMO🇺🇸: Local News","XUMO_99951167","https://d4whmvwm0rdvi.cloudfront.net/10007/99951167/hls/master.m3u8?ads.xumo_channelId=99951167&ads.asnw=169843&ads.afid=314827096&ads.sfid=17135549&ads.csid=xumo_[PLATFORM]_NBCNFL_ssai_cro&ads._fw_is_lat=[IS_LAT]&ads._fw_us_privacy=[CCPA_Value]&ads._fw_coppa=0&ads._fw_did=[IFA]&ads._fw_vcid2=512116:[IFA]&ads._fw_app_bundle=[app_bundle]&ads._fw_app_store_url=[app_store_url]&ads._fw_content_category=[IAB_content_category]&ads._fw_content_genre=[content_genre]&ads._fw_content_language=[content_language]&ads._fw_content_rating=[content_rating]&ads._fw_deviceMake=[device_make]&ads._fw_device_model=[device_model]&ads._fw_deviceType=3-Connected_TV&ads.appVersion=[APP_VERSION]&ads.appName=xumo&ads.xumo_contentId=3823&ads.xumo_contentName=NBCNFL&ads.xumo_providerId=3823&ads.xumo_providerName=NBCNFL&ads.channelId=99951167&ads._fw_ifa_type=[IFA_TYPE]","200","9"
"nbc_7_san_diego_news_us","NBC","NBC 7 San Diego News","US","XUMO🇺🇸: Local News","XUMO_99951185","https://d4whmvwm0rdvi.cloudfront.net/10007/99951185/hls/master.m3u8?ads.xumo_channelId=99951185&ads.asnw=169843&ads.afid=348209253&ads.sfid=17135549&ads.csid=xumo_[PLATFORM]_NBCNSD_ssai_cro&ads._fw_is_lat=[IS_LAT]&ads._fw_us_privacy=[CCPA_Value]&ads._fw_coppa=0&ads._fw_did=[IFA]&ads._fw_vcid2=512116:[IFA]&ads._fw_app_bundle=[app_bundle]&ads._fw_app_store_url=[app_store_url]&ads._fw_content_category=[IAB_content_category]&ads._fw_content_genre=[content_genre]&ads._fw_content_language=[content_language]&ads._fw_content_rating=[content_rating]&ads._fw_deviceMake=[device_make]&ads._fw_device_model=[device_model]&ads._fw_deviceType=3-Connected_TV&ads.appVersion=[APP_VERSION]&ads.appName=xumo&ads.xumo_contentId=3821&ads.xumo_contentName=NBCNSD&ads.xumo_providerId=3821&ads.xumo_providerName=NBCNSD&ads.channelId=99951185&ads._fw_ifa_type=[IFA_TYPE]","200","13"
"nbc_8_lancaster_pa_wgal_720p_us","NBC","NBC 8 Lancaster PA (WGAL) (720p)","US","News","WGAL81.us@HD","https://aegis-cloudfront-1.tubi.video/5d314174-0110-42af-8811-feaae073ea1e/playlist.m3u8","206","-4"
"nbc_bay_area_news_us","NBC","NBC Bay Area News","US","XUMO🇺🇸: Local News","XUMO_99951162","https://d4whmvwm0rdvi.cloudfront.net/10007/99951162/hls/master.m3u8?ads.xumo_channelId=99951162&ads.asnw=169843&ads.afid=348208856&ads.sfid=17135549&ads.csid=xumo_[PLATFORM]_NBCNBA_ssai_cro&ads._fw_is_lat=[IS_LAT]&ads._fw_us_privacy=[CCPA_Value]&ads._fw_coppa=0&ads._fw_did=[IFA]&ads._fw_vcid2=512116:[IFA]&ads._fw_app_bundle=[app_bundle]&ads._fw_app_store_url=[app_store_url]&ads._fw_content_category=[IAB_content_category]&ads._fw_content_genre=[content_genre]&ads._fw_content_language=[content_language]&ads._fw_content_rating=[content_rating]&ads._fw_deviceMake=[device_make]&ads._fw_device_model=[device_model]&ads._fw_deviceType=3-Connected_TV&ads.appVersion=[APP_VERSION]&ads.appName=xumo&ads.xumo_contentId=3822&ads.xumo_contentName=NBCNBA&ads.xumo_providerId=3822&ads.xumo_providerName=NBCNBA&ads.channelId=99951162&ads._fw_ifa_type=[IFA_TYPE]","200","16"
"nbc_comedy_vault_us","NBC","NBC Comedy Vault","US","General","XUMO_99951244","https://d4whmvwm0rdvi.cloudfront.net/10007/99951244/hls/master.m3u8?ads.xumo_channelId=99951244&ads.asnw=169843&ads.afid=380749282&ads.sfid=19316528&ads.csid=xumo_[PLATFORM]_NBCUTNBC_ssai_cro&ads._fw_is_lat=[IS_LAT]&ads._fw_us_privacy=[CCPA_Value]&ads._fw_coppa=0&ads._fw_did=[IFA]&ads._fw_vcid2=512116:[IFA]&ads._fw_app_bundle=[app_bundle]&ads._fw_app_store_url=[app_store_url]&ads._fw_content_category=[IAB_content_category]&ads._fw_content_genre=[content_genre]&ads._fw_content_language=[content_language]&ads._fw_content_rating=[content_rating]&ads._fw_deviceMake=[device_make]&ads._fw_device_model=[device_model]&ads._fw_deviceType=3-Connected_TV&ads.appVersion=[APP_VERSION]&ads.appName=XumoPlay&ads.xumo_contentId=3941&ads.xumo_contentName=NBCUTNBC&ads.xumo_providerId=3941&ads.xumo_providerName=NBCUTNBC&ads.channelId=99951244&ads._fw_ifa_type=[IFA_TYPE]","200","17"
"nbc_connecticut_news_us","NBC","NBC Connecticut News","US","XUMO🇺🇸: Local News","XUMO_99951183","https://d4whmvwm0rdvi.cloudfront.net/10007/99951183/hls/master.m3u8?ads.xumo_channelId=99951183&ads.asnw=169843&ads.afid=348209236&ads.sfid=17135549&ads.csid=xumo_[PLATFORM]_NBCNCT_ssai_cro&ads._fw_is_lat=[IS_LAT]&ads._fw_us_privacy=[CCPA_Value]&ads._fw_coppa=0&ads._fw_did=[IFA]&ads._fw_vcid2=512116:[IFA]&ads._fw_app_bundle=[app_bundle]&ads._fw_app_store_url=[app_store_url]&ads._fw_content_category=[IAB_content_category]&ads._fw_content_genre=[content_genre]&ads._fw_content_language=[content_language]&ads._fw_content_rating=[content_rating]&ads._fw_deviceMake=[device_make]&ads._fw_device_model=[device_model]&ads._fw_deviceType=3-Connected_TV&ads.appVersion=[APP_VERSION]&ads.appName=xumo&ads.xumo_contentId=3832&ads.xumo_contentName=NBCNCT&ads.xumo_providerId=3832&ads.xumo_providerName=NBCNCT&ads.channelId=99951183&ads._fw_ifa_type=[IFA_TYPE]","200","13"
"nbc_lx_home_us","NBC","NBC LX Home","US","XUMO🇺🇸: Home & Design","XUMO_99991651","https://d4whmvwm0rdvi.cloudfront.net/10007/99991651/hls/master.m3u8?ads.xumo_channelId=99991651&ads.asnw=169843&ads.afid=310163898&ads.sfid=16772606&ads.csid=xumo_[PLATFORM]_NBCLXChannel_ssai_cro&ads._fw_is_lat=[IS_LAT]&ads._fw_us_privacy=[CCPA_Value]&ads._fw_coppa=0&ads._fw_did=[IFA]&ads._fw_vcid2=512116:[IFA]&ads._fw_app_bundle=[app_bundle]&ads._fw_app_store_url=[app_store_url]&ads._fw_content_category=[IAB_content_category]&ads._fw_content_genre=[content_genre]&ads._fw_content_language=[content_language]&ads._fw_content_rating=[content_rating]&ads._fw_deviceMake=[device_make]&ads._fw_device_model=[device_model]&ads._fw_deviceType=3-Connected_TV&ads.appVersion=[APP_VERSION]&ads.appName=XumoPlay&ads.xumo_contentId=2632&ads.xumo_contentName=NBCLXChannel&ads.xumo_providerId=2632&ads.xumo_providerName=NBCLXChannel&ads.channelId=99991651&ads._fw_ifa_type=[IFA_TYPE]","200","14"
"nbc_universo_west_720p_us","NBC","NBC Universo West (720p)","US","Entertainment","NBCUniverso.us@West","http://190.11.225.124:5000/live/universo_hd/playlist.m3u8","206","4"
"nbc_news_now_us_2","NBC News NOW","NBC News NOW","US","News","XUMO_99991247","https://d4whmvwm0rdvi.cloudfront.net/10007/99991247/hls/master.m3u8?ads.xumo_channelId=99991247&ads.asnw=169843&ads.afid=137704898&ads.sfid=16772607&ads.csid=xumo_[PLATFORM]_NBCNewsNOW_ssai_cro&ads._fw_is_lat=[IS_LAT]&ads._fw_us_privacy=[CCPA_Value]&ads._fw_coppa=0&ads._fw_did=[IFA]&ads._fw_vcid2=512116:[IFA]&ads._fw_app_bundle=[app_bundle]&ads._fw_app_store_url=[app_store_url]&ads._fw_content_category=[IAB_content_category]&ads._fw_content_genre=News,N,DN,Local,LocalNews,News-Local&ads._fw_content_language=[content_language]&ads._fw_content_rating=[content_rating]&ads._fw_deviceMake=[device_make]&ads._fw_device_model=[device_model]&ads._fw_deviceType=3-Connected_TV&ads.appVersion=[APP_VERSION]&ads.appName=XumoPlay&ads.xumo_contentId=1828&ads.xumo_contentName=NBCNewsNOW&ads.xumo_providerId=1828&ads.xumo_providerName=NBCNewsNOW&ads.channelId=99991247&ads._fw_ifa_type=[IFA_TYPE]","200","1021"
"newsmax_ca_us","Newsmax TV","Newsmax (CA)","US","General","","https://amg00217-newsmax-amg00217c2-lg-ca-4271.playouts.now.amagi.tv/playlist.m3u8","206","16"
"newsmax2_us","Newsmax TV","Newsmax 2","US","News","Newsmax2.us@SD","https://nmxlive.akamaized.net/hls/live/529965/Live_1/index.m3u8","200","24"
"newsmax_2_us_us","Newsmax TV","Newsmax 2 (US)","US","General","","https://amg00217-newsmax-amg00217c3-lg-us-4270.playouts.now.amagi.tv/playlist.m3u8","206","14"
"paramount_movie_channel_us","Paramount Network","Paramount Movie Channel","US","Movies","ParamountMovieChannel.us@SD","https://jmp2.uk/plu-5cb0cae7a461406ffe3f5213.m3u8","200","10"
"pbs_antiques_roadshow_us","PBS","PBS Antiques Roadshow","US","XUMO🇺🇸: Travel & Lifestyle","XUMO_99951206","https://d2irko5f9gt1c5.cloudfront.net/10008/99951206/hls/playlist.m3u8?ads.xumo_channelId=99951206&ads.csid=xumo_[PLATFORM]_PBSAntiquesRoadshowUS_ssai&ads._fw_app_bundle=[app_bundle]&ads.ifa_type=[IFA_TYPE]&ads.did=[IFA]&ads._fw_is_lat=[IS_LAT]&ads._fw_us_privacy=[CCPA_Value]&ads._fw_coppa=0&ads._fw_app_store_url=[app_store_url]&ads._fw_content_category=[IAB_content_category]&ads.xumo_contentName=PBSAntiquesRoadshowUS&ads.xumo_providerName=[PROVIDER_NAME]&ads._fw_content_language=[content_language]&ads.assetId=[ASSET_ID]&ads._fw_content_genre=[content_genre]&ads.xumo_providerId=[PROVIDER_ID]&ads._fw_content_rating=[content_rating]&ads.channelId=99951206&ads.xumo_platform=[PLATFORM]&ads.site_id=22453","200","4"
"pbs_history_ie_geo_us","PBS","PBS History (IE) Geo","US","General","","https://amg02333-pbs-amg02333c3-lg-ie-2837.playouts.now.amagi.tv/playlist/amg02333-pbsdistributionfast-pbshistory-lgie/playlist.m3u8","200","-2"
"pbs_nature_us_geo_us","PBS","PBS Nature? (US) Geo","US","General","","https://amg02333-pbs-amg02333c6-lg-us-3175.playouts.now.amagi.tv/playlist.m3u8","206","8"
"pbs_science_ie_geo_us","PBS","PBS Science (IE) Geo","US","General","","https://amg02333-pbs-amg02333c10-lg-ie-4101.playouts.now.amagi.tv/playlist.m3u8","206","8"
"pop_flix_ie_us","Pop","Pop Flix (IE)","US","General","","https://signatureentertainment-popflix-1-ie.lg.wurl.tv/playlist.m3u8","206","15"
"pop_kids_ie_geo_us","Pop","Pop Kids (IE) Geo","US","General","","https://amg01753-amg01753c2-lg-ie-2961.playouts.now.amagi.tv/playlist/amg01753-narrativeuk-popkid-lgie/playlist.m3u8","200","1"
"scripps_news_us_2","Scripps News","Scripps News","US","News","KGUNTV96.us@SD","https://jmp2.uk/plu-5459795fc9f133a519bc0bef.m3u8","200","1021"
"scripps_news_us_3","Scripps News","Scripps News","US","News","ScrippsNews.us","https://content.uplynk.com/channel/4bb4901b934c4e029fd4c1abfc766c37.m3u8","200","1021"
"scripps_news_1080p_us","Scripps News","Scripps News (1080p)","US","News","ScrippsNews.us@SD","https://aegis-cloudfront-1.tubi.video/7e1c26b7-7975-4240-9a4f-480eaa8f3ea4/playlist.m3u8","206","8"
"scripps_news_only_us","Scripps News","scripps news? only?","US","General","","https://amg01438-ewscripps-amg01438c35-lg-us-4318.playouts.now.amagi.tv/playlist.m3u8","206","24"
"telemundo_al_d_a_us","Telemundo","Telemundo Al Día","US","XUMO🇺🇸: Latino","XUMO_99991747","https://d1rqgw5gocwo9i.cloudfront.net/10009/99991747/hls/master.m3u8?ads.xumo_channelId=99991747&ads._fw_ifa_type=[IFA_TYPE]&ads._fw_did=[IFA]&ads.amznappId=[AMZN_APP_ID]&ads.lat=[LAT]&ads.lon=[LON]&ads.os=[OS]&ads.osv=[OS_VERSION]&ads.asnw=169843&ads.afid=137391198&ads.sfid=16926452&ads.caid=xumo_telemundoaldia&ads.csid=xumo_[PLATFORM]_TelemundoNewsSports_ssai_cro&ads._fw_is_lat=0&ads._fw_us_privacy=[CCPA_Value]&ads._fw_coppa=0&ads.genre=[CONTENT_IMDB_GENRE]&ads._fw_content_category=[IAB_content_category]&ads._fw_content_language=[content_language]&ads._fw_content_genre=[content_genre]&ads._fw_content_rating=[content_rating]&ads.xumo_contentId=2561&ads.xumo_contentName=TelemundoNewsSports&ads.xumo_providerId=2561&ads.xumo_providerName=TelemundoNewsSports&ads.xumo_channelName=Telemundo%2520Al%2520Dia&ads._fw_deviceMake=[device_make]&ads._fw_device_model=[device_model]&ads._fw_devicetype=3-Connected_TV&ads.channelId=99991747&ads.xumo_platform=[PLATFORM]&ads.site_id=[publica_site_id]&ads.appName=xumo&ads.appVersion=[APP_VERSION]&ads._fw_app_bundle=[app_bundle]&ads._fw_app_store_url=[app_store_url]","200","9"
"telemundo_corpus_christi_720p_us","Telemundo","Telemundo Corpus Christi (720p)","US","Entertainment","TelemundoCorpusChristi.us@SD","https://content.uplynk.com/channel/b6a96ed39d694ae1b738faa98cf7dd3f.m3u8","200","-13"
"telemundo_deportes_ahora_us","Telemundo","Telemundo Deportes Ahora","US","XUMO🇺🇸: Latino","XUMO_99951459","https://d1rqgw5gocwo9i.cloudfront.net/10009/99951459/hls/master.m3u8?ads.xumo_channelId=99951459&ads.asnw=169843&ads.afid=442535792&ads.sfid=23780352&ads.caid=telemundodeportesahora_linear&ads.csid=xumo_[PLATFORM]_telemundodeportesahora_ssai_cro&ads._fw_is_lat=[IS_LAT]&ads._fw_us_privacy=[CCPA_Value]&ads._fw_coppa=0&ads._fw_did=[IFA]&ads._fw_vcid2=512116:[IFA]&ads._fw_app_bundle=[app_bundle]&ads._fw_app_store_url=[app_store_url]&ads._fw_content_category=[IAB_content_category]&ads._fw_content_genre=[content_genre]&ads._fw_content_language=es&ads._fw_content_rating=[content_rating]&ads._fw_deviceMake=[device_make]&ads._fw_device_model=[device_model]&ads._fw_deviceType=3-Connected_TV&ads.appVersion=[APP_VERSION]&ads.appName=XumoPlay&ads.xumo_contentId=4281&ads.xumo_contentName=TelemundoDeportesAhora&ads.xumo_providerId=4281&ads.xumo_providerName=TelemundoDeportesAhora&ads.channelId=99951459&ads._fw_ifa_type=[IFA_TYPE]","200","1"
"telemundo_noticias_california_us","Telemundo","Telemundo Noticias California","US","XUMO🇺🇸: Local News","XUMO_99951225","https://dbrb49pjoymg4.cloudfront.net/10001/99951225/hls/master.m3u8?ads.xumo_channelId=99951225&ads.xumo_streamId=99951225&ads.channelId=99951225&ads.channelName=telemundonoticiasca_us&ads.caid=TelemundoNoticiasCA&ads.csid=xumo_[PLATFORM]_TelemundoNoticiasCA_ssai&ads._fw_coppa=0&ads.xumo_contentId=3903&ads.xumo_contentName=TelemundoNoticiasCA&ads.xumo_providerId=3903&ads.xumo_providerName=TelemundoNoticiasCA&ads._fw_ifa_type=[IFA_TYPE]&ads._fw_did=[IFA]&ads.amznappId=[AMZN_APP_ID]&ads.lat=[LAT]&ads.lon=[LON]&ads.os=[OS]&ads.osv=[OS_VERSION]&ads._fw_is_lat=[IS_LAT]&ads._fw_us_privacy=[CCPA_Value]&ads.genre=[CONTENT_IMDB_GENRE]&ads._fw_content_category=[IAB_content_category]&ads._fw_content_language=[content_language]&ads._fw_content_genre=[content_genre]&ads._fw_content_rating=[content_rating]&ads._fw_deviceMake=[device_make]&ads._fw_device_model=[device_model]&ads.xumo_platform=[PLATFORM]&ads.site_id=[publica_site_id]&ads.appVersion=[APP_VERSION]&ads._fw_app_bundle=[app_bundle]&ads._fw_app_store_url=[app_store_url]&ads.appName=XumoPlay","200","4"
"telemundo_noticias_florida_us","Telemundo","Telemundo Noticias Florida","US","XUMO🇺🇸: Local News","XUMO_99951227","https://dbrb49pjoymg4.cloudfront.net/10001/99951227/hls/master.m3u8?ads.xumo_channelId=99951227&ads.xumo_streamId=99951227&ads.channelId=99951227&ads.channelName=telemundonoticiasfl_us&ads.caid=TelemundoNoticiasFL&ads.csid=xumo_[PLATFORM]_TelemundoNoticiasFL_ssai&ads._fw_coppa=0&ads.xumo_contentId=3905&ads.xumo_contentName=TelemundoNoticiasFL&ads.xumo_providerId=3905&ads.xumo_providerName=TelemundoNoticiasFL&ads._fw_ifa_type=[IFA_TYPE]&ads._fw_did=[IFA]&ads.amznappId=[AMZN_APP_ID]&ads.lat=[LAT]&ads.lon=[LON]&ads.os=[OS]&ads.osv=[OS_VERSION]&ads._fw_is_lat=[IS_LAT]&ads._fw_us_privacy=[CCPA_Value]&ads.genre=[CONTENT_IMDB_GENRE]&ads._fw_content_category=[IAB_content_category]&ads._fw_content_language=[content_language]&ads._fw_content_genre=[content_genre]&ads._fw_content_rating=[content_rating]&ads._fw_deviceMake=[device_make]&ads._fw_device_model=[device_model]&ads.xumo_platform=[PLATFORM]&ads.site_id=[publica_site_id]&ads.appVersion=[APP_VERSION]&ads._fw_app_bundle=[app_bundle]&ads._fw_app_store_url=[app_store_url]&ads.appName=XumoPlay","200","7"
"telemundo_noticias_noreste_us","Telemundo","Telemundo Noticias Noreste","US","XUMO🇺🇸: Local News","XUMO_99951228","https://dbrb49pjoymg4.cloudfront.net/10001/99951228/hls/master.m3u8?ads.xumo_channelId=99951228&ads.xumo_streamId=99951228&ads.channelId=99951228&ads.channelName=telemundonoticiasnoreste_us&ads.caid=TelemundoNoticiasNoreste&ads.csid=xumo_[PLATFORM]_TelemundoNoticiasNoreste_ssai&ads._fw_coppa=0&ads.xumo_contentId=3906&ads.xumo_contentName=TelemundoNoticiasNoreste&ads.xumo_providerId=3906&ads.xumo_providerName=TelemundoNoticiasNoreste&ads._fw_ifa_type=[IFA_TYPE]&ads._fw_did=[IFA]&ads.amznappId=[AMZN_APP_ID]&ads.lat=[LAT]&ads.lon=[LON]&ads.os=[OS]&ads.osv=[OS_VERSION]&ads._fw_is_lat=[IS_LAT]&ads._fw_us_privacy=[CCPA_Value]&ads.genre=[CONTENT_IMDB_GENRE]&ads._fw_content_category=[IAB_content_category]&ads._fw_content_language=[content_language]&ads._fw_content_genre=[content_genre]&ads._fw_content_rating=[content_rating]&ads._fw_deviceMake=[device_make]&ads._fw_device_model=[device_model]&ads.xumo_platform=[PLATFORM]&ads.site_id=[publica_site_id]&ads.appVersion=[APP_VERSION]&ads._fw_app_bundle=[app_bundle]&ads._fw_app_store_url=[app_store_url]&ads.appName=XumoPlay","200","7"
"telemundo_noticias_texas_us","Telemundo","Telemundo Noticias Texas","US","XUMO🇺🇸: Local News","XUMO_99951226","https://dbrb49pjoymg4.cloudfront.net/10001/99951226/hls/master.m3u8?ads.xumo_channelId=99951226&ads.xumo_streamId=99951226&ads.channelId=99951226&ads.channelName=telemundonoticiastx_us&ads.caid=TelemundoNoticiasTX&ads.csid=xumo_[PLATFORM]_TelemundoNoticiasTX_ssai&ads._fw_coppa=0&ads.xumo_contentId=3904&ads.xumo_contentName=TelemundoNoticiasTX&ads.xumo_providerId=3904&ads.xumo_providerName=TelemundoNoticiasTX&ads._fw_ifa_type=[IFA_TYPE]&ads._fw_did=[IFA]&ads.amznappId=[AMZN_APP_ID]&ads.lat=[LAT]&ads.lon=[LON]&ads.os=[OS]&ads.osv=[OS_VERSION]&ads._fw_is_lat=[IS_LAT]&ads._fw_us_privacy=[CCPA_Value]&ads.genre=[CONTENT_IMDB_GENRE]&ads._fw_content_category=[IAB_content_category]&ads._fw_content_language=[content_language]&ads._fw_content_genre=[content_genre]&ads._fw_content_rating=[content_rating]&ads._fw_deviceMake=[device_make]&ads._fw_device_model=[device_model]&ads.xumo_platform=[PLATFORM]&ads.site_id=[publica_site_id]&ads.appVersion=[APP_VERSION]&ads._fw_app_bundle=[app_bundle]&ads._fw_app_store_url=[app_store_url]&ads.appName=XumoPlay","200","9"
"tastemade_travel_us_us","Travel Channel","Tastemade Travel (US)","US","General","","https://cdn-uw2-prod.tsv2.amagi.tv/linear/amg00047-tastemade-tastemadetravel-lgus/playlist.m3u8","200","-3"
"world_of_free_sport_at_us","World Channel","World Of Free Sport (AT)","US","General","","https://cdn-uw2-prod.tsv2.amagi.tv/linear/amg01866-mainstreammedia-worldoffreespor-lgat/playlist.m3u8","200","-6"
"world_of_free_sport_ch_us","World Channel","World of Free Sport (CH)","US","General","","https://cdn-uw2-prod.tsv2.amagi.tv/linear/amg01866-mainstreammedia-worldoffreespor-lgch/playlist.m3u8","200","-6"
"world_of_love_island_us","World Channel","World of Love Island","US","XUMO🇺🇸: Reality TV","XUMO_99951508","https://dbrb49pjoymg4.cloudfront.net/10001/99951508/hls/playlist.m3u8?ads.xumo_channelId=99951508&ads.xumo_streamId=99951508&ads.channelId=99951508&ads.channelName=ITVWorldofLoveIsland_us&ads.caid=ITVWorldofLoveIsland&ads.csid=xumo_[PLATFORM]_ITVWorldofLoveIsland_ssai&ads._fw_coppa=0&ads.xumo_contentId=4374&ads.xumo_contentName=ITVWorldofLoveIsland&ads.xumo_providerId=4374&ads.xumo_providerName=ITVWorldofLoveIsland&ads._fw_ifa_type=[IFA_TYPE]&ads._fw_did=[IFA]&ads.amznappId=[AMZN_APP_ID]&ads.lat=[LAT]&ads.lon=[LON]&ads.os=[OS]&ads.osv=[OS_VERSION]&ads._fw_is_lat=[IS_LAT]&ads._fw_us_privacy=[CCPA_Value]&ads.genre=Reality,Drama,GD,Entertainment,GV,Reality-TV,Reality+Shows&ads._fw_content_category=[IAB_content_category]&ads._fw_content_language=[content_language]&ads._fw_content_genre=Reality,Drama,GD,Entertainment,GV,Reality-TV,Reality+Shows&ads._fw_content_rating=[content_rating]&ads._fw_deviceMake=[device_make]&ads._fw_device_model=[device_model]&ads.xumo_platform=[PLATFORM]&ads.site_id=[publica_site_id]&ads.appVersion=[APP_VERSION]&ads._fw_app_bundle=[app_bundle]&ads._fw_app_store_url=[app_store_url]&ads.appName=XumoPlay","200","5"
"world_poker_tour_us","World Channel","World Poker Tour","US","General","XUMO_99991317","https://dtqutq7lmcchv.cloudfront.net/10001/99991317/hls/playlist.m3u8?ads.xumo_channelId=99991317&ads._fw_ifa_type=[IFA_TYPE]&ads._fw_did=[IFA]&ads.amznappId=[AMZN_APP_ID]&ads.lat=[LAT]&ads.lon=[LON]&ads.os=[OS]&ads.osv=[OS_VERSION]&ads.asnw=&ads.caid=WorldPokerTour&ads.csid=xumo_[PLATFORM]_WorldPokerTour_ssai&ads._fw_is_lat=[IS_LAT]&ads._fw_us_privacy=[CCPA_Value]&ads._fw_coppa=0&ads.genre=[CONTENT_IMDB_GENRE]&ads._fw_content_category=[IAB_content_category]&ads._fw_content_language=[content_language]&ads._fw_content_genre=[content_genre]&ads._fw_content_rating=[content_rating]&ads.xumo_contentId=252&ads.xumo_contentName=WorldPokerTour&ads.xumo_providerId=252&ads.xumo_providerName=WorldPokerTour&ads._fw_deviceMake=[device_make]&ads._fw_device_model=[device_model]&ads.channelId=99991317&ads.xumo_platform=[PLATFORM]&ads.site_id=[publica_site_id]&ads.appName=xumo&ads.appVersion=[APP_VERSION]&ads._fw_app_bundle=[app_bundle]&ads._fw_app_store_url=[app_store_url]","200","17"
"world_poker_tour_fi_geo_us","World Channel","World Poker Tour (FI) Geo","US","General","","https://amg00218-amg00218c1-lg-fi-2765.playouts.now.amagi.tv/playlist/amg00218-wptenterprisesfast-worldpokertour-lgfi/playlist.m3u8","200","-7"
"world_poker_tour_ie_geo_us","World Channel","World Poker Tour (IE) Geo","US","General","","https://amg00218-amg00218c1-lg-ie-2758.playouts.now.amagi.tv/playlist/amg00218-wptenterprisesfast-worldpokertour-lgie/playlist.m3u8","200","-7"
"world_poker_tour_us_geo_us","World Channel","World Poker Tour (US) Geo","US","General","","https://cdn-uw2-prod.tsv2.amagi.tv/linear/amg00218-wptenterprisesi-worldpokertour-lgus/playlist.m3u8","200","-7"
"world_s_wildest_police_videos_us","World Channel","World's Wildest Police Videos","US","News","XUMO_99951315","https://dbrb49pjoymg4.cloudfront.net/10001/99951315/hls/master.m3u8?ads.xumo_channelId=99951315&ads._fw_ifa_type=[IFA_TYPE]&ads._fw_did=[IFA]&ads.amznappId=[AMZN_APP_ID]&ads.lat=[LAT]&ads.lon=[LON]&ads.os=[OS]&ads.osv=[OS_VERSION]&ads.asnw=&ads.caid=worldswildestpolicevideos&ads.csid=xumo_[PLATFORM]_worldswildestpolicevideos_ssai&ads._fw_is_lat=0&ads._fw_us_privacy=[CCPA_Value]&ads._fw_coppa=0&ads.genre=Documentary,Crime,DO,Entertainment,GV,SM&ads._fw_content_category=[IAB_content_category]&ads._fw_content_language=[content_language]&ads._fw_content_genre=Documentary,Crime,DO,Entertainment,GV,SM&ads._fw_content_rating=[content_rating]&ads.xumo_contentId=260&ads.xumo_contentName=FilmRise&ads.xumo_providerId=260&ads.xumo_providerName=FilmRise&ads._fw_deviceMake=[device_make]&ads._fw_device_model=[device_model]&ads.channelId=99951315&ads.xumo_platform=[PLATFORM]&ads.site_id=[publica_site_id]&ads.appName=xumo&ads.appVersion=[APP_VERSION]&ads._fw_app_bundle=[app_bundle]&ads._fw_app_store_url=[app_store_url]","200","4"
